"동별(1)","동별(2)",항목,2025 3/4,2025 3/4,2025 3/4,2025 3/4,2025 3/4,2025 4/4,2025 4/4,2025 4/4,2025 4/4,2025 4/4
"동별(1)","동별(2)",항목,65~69세,70~74세,75~79세,80~84세,85~89세,65~69세,70~74세,75~79세,80~84세,85~89세
"합계","소계",계,650943,470652,348157,242218,126645,655487,478390,353170,240530,128121
"합계","소계",한국인,643456,467429,347010,241767,126352,648113,475221,352044,240084,127827
"합계","소계",등록외국인,7487,3223,1147,451,293,7374,3169,1126,446,294
"종로구","소계",계,9994,7071,5426,4385,2555,10138,7188,5475,4316,2588
"종로구","소계",한국인,9828,7010,5386,4369,2547,9975,7126,5437,4300,2580
"종로구","소계",등록외국인,166,61,40,16,8,163,62,38,16,8
"종로구","청운효자동",계,677,511,412,368,208,667,517,426,365,211
"종로구","청운효자동",한국인,670,507,409,366,208,663,513,423,363,211
"종로구","청운효자동",등록외국인,7,4,3,2,-,4,4,3,2,-
"종로구","사직동",계,613,397,339,291,208,623,411,342,290,205
"종로구","사직동",한국인,601,395,337,291,208,613,409,340,290,205
"종로구","사직동",등록외국인,12,2,2,-,-,10,2,2,-,-
"종로구","삼청동",계,194,142,125,95,54,193,145,124,96,51
"종로구","삼청동",한국인,184,137,118,93,53,182,140,117,94,50
"종로구","삼청동",등록외국인,10,5,7,2,1,11,5,7,2,1
"종로구","부암동",계,654,453,371,281,179,665,464,377,268,178
"종로구","부암동",한국인,651,449,370,281,179,661,460,376,268,178
"종로구","부암동",등록외국인,3,4,1,-,-,4,4,1,-,-
"종로구","평창동",계,1351,915,659,501,372,1370,911,658,502,375
"종로구","평창동",한국인,1341,909,658,499,369,1361,904,658,500,372
"종로구","평창동",등록외국인,10,6,1,2,3,9,7,-,2,3
"종로구","무악동",계,499,375,277,236,146,504,377,277,241,146
"종로구","무악동",한국인,498,375,277,236,146,503,377,277,241,146
"종로구","무악동",등록외국인,1,-,-,-,-,1,-,-,-,-
"종로구","교남동",계,569,424,349,240,141,585,427,353,239,139
"종로구","교남동",한국인,564,424,347,239,141,580,427,351,238,139
"종로구","교남동",등록외국인,5,-,2,1,-,5,-,2,1,-
"종로구","가회동",계,266,210,174,145,77,271,212,177,142,76
"종로구","가회동",한국인,262,209,172,145,77,267,211,175,142,76
"종로구","가회동",등록외국인,4,1,2,-,-,4,1,2,-,-
"종로구","종로1.2.3.4가동",계,664,470,314,271,116,669,482,311,262,123
"종로구","종로1.2.3.4가동",한국인,636,462,310,266,115,639,474,308,257,122
"종로구","종로1.2.3.4가동",등록외국인,28,8,4,5,1,30,8,3,5,1
"종로구","종로5.6가동",계,376,240,217,183,82,387,244,216,175,84
"종로구","종로5.6가동",한국인,370,237,216,183,82,381,241,215,175,84
"종로구","종로5.6가동",등록외국인,6,3,1,-,-,6,3,1,-,-
"종로구","이화동",계,436,358,256,218,142,456,362,262,213,144
"종로구","이화동",한국인,433,354,256,218,142,453,358,262,213,144
"종로구","이화동",등록외국인,3,4,-,-,-,3,4,-,-,-
"종로구","혜화동",계,770,608,526,494,280,786,612,534,493,280
"종로구","혜화동",한국인,763,606,524,494,280,779,610,532,493,280
"종로구","혜화동",등록외국인,7,2,2,-,-,7,2,2,-,-
"종로구","창신1동",계,529,327,219,163,100,535,330,225,158,105
"종로구","창신1동",한국인,512,322,218,163,100,518,325,224,158,105
"종로구","창신1동",등록외국인,17,5,1,-,-,17,5,1,-,-
"종로구","창신2동",계,728,487,361,275,139,746,501,363,267,144
"종로구","창신2동",한국인,702,479,353,271,137,720,493,355,263,142
"종로구","창신2동",등록외국인,26,8,8,4,2,26,8,8,4,2
"종로구","창신3동",계,520,340,242,202,94,537,356,241,193,103
"종로구","창신3동",한국인,519,338,241,202,93,536,354,240,193,102
"종로구","창신3동",등록외국인,1,2,1,-,1,1,2,1,-,1
"종로구","숭인1동",계,458,344,257,185,101,460,350,255,178,98
"종로구","숭인1동",한국인,450,340,255,185,101,452,346,253,178,98
"종로구","숭인1동",등록외국인,8,4,2,-,-,8,4,2,-,-
"종로구","숭인2동",계,690,470,328,237,116,684,487,334,234,126
"종로구","숭인2동",한국인,672,467,325,237,116,667,484,331,234,126
"종로구","숭인2동",등록외국인,18,3,3,-,-,17,3,3,-,-
"중구","소계",계,9055,6534,4952,3770,2110,9107,6614,5000,3738,2127
"중구","소계",한국인,8818,6417,4898,3741,2090,8876,6494,4947,3707,2108
"중구","소계",등록외국인,237,117,54,29,20,231,120,53,31,19
"중구","소공동",계,139,73,57,37,23,137,76,60,38,22
"중구","소공동",한국인,108,66,51,31,20,107,69,54,31,19
"중구","소공동",등록외국인,31,7,6,6,3,30,7,6,7,3
"중구","회현동",계,475,379,244,175,95,451,373,238,182,99
"중구","회현동",한국인,442,352,233,169,92,417,347,229,176,96
"중구","회현동",등록외국인,33,27,11,6,3,34,26,9,6,3
"중구","명동",계,283,194,130,108,51,272,193,132,112,54
"중구","명동",한국인,251,177,125,104,51,241,176,126,108,54
"중구","명동",등록외국인,32,17,5,4,-,31,17,6,4,-
"중구","필동",계,326,219,154,130,71,327,228,160,120,77
"중구","필동",한국인,321,218,154,130,70,322,227,160,120,76
"중구","필동",등록외국인,5,1,-,-,1,5,1,-,-,1
"중구","장충동",계,275,226,194,146,87,273,227,197,146,89
"중구","장충동",한국인,267,218,194,145,86,266,219,197,145,88
"중구","장충동",등록외국인,8,8,-,1,1,7,8,-,1,1
"중구","광희동",계,446,320,217,179,89,432,313,227,174,89
"중구","광희동",한국인,425,309,213,176,86,413,302,223,171,86
"중구","광희동",등록외국인,21,11,4,3,3,19,11,4,3,3
"중구","을지로동",계,180,140,87,64,41,181,144,84,63,40
"중구","을지로동",한국인,174,135,86,64,40,176,139,83,63,39
"중구","을지로동",등록외국인,6,5,1,-,1,5,5,1,-,1
"중구","신당동",계,588,419,327,258,108,596,432,321,252,111
"중구","신당동",한국인,561,414,319,255,108,571,425,312,248,111
"중구","신당동",등록외국인,27,5,8,3,-,25,7,9,4,-
"중구","다산동",계,1058,747,564,466,232,1084,766,562,471,228
"중구","다산동",한국인,1049,742,562,464,232,1075,761,560,469,228
"중구","다산동",등록외국인,9,5,2,2,-,9,5,2,2,-
"중구","약수동",계,1309,1037,804,607,415,1321,1054,820,597,411
"중구","약수동",한국인,1305,1028,803,607,414,1316,1045,819,597,410
"중구","약수동",등록외국인,4,9,1,-,1,5,9,1,-,1
"중구","청구동",계,862,639,481,369,246,878,632,490,368,246
"중구","청구동",한국인,858,639,480,369,246,874,632,489,368,246
"중구","청구동",등록외국인,4,-,1,-,-,4,-,1,-,-
"중구","신당5동",계,710,490,400,294,136,727,489,411,293,143
"중구","신당5동",한국인,702,489,396,292,136,719,488,407,291,143
"중구","신당5동",등록외국인,8,1,4,2,-,8,1,4,2,-
"중구","동화동",계,816,535,404,300,201,835,543,417,294,197
"중구","동화동",한국인,808,533,402,299,200,827,541,415,293,196
"중구","동화동",등록외국인,8,2,2,1,1,8,2,2,1,1
"중구","황학동",계,830,593,438,320,130,840,610,432,323,132
"중구","황학동",한국인,797,581,432,320,127,806,596,427,323,129
"중구","황학동",등록외국인,33,12,6,-,3,34,14,5,-,3
"중구","중림동",계,758,523,451,317,185,753,534,449,305,189
"중구","중림동",한국인,750,516,448,316,182,746,527,446,304,187
"중구","중림동",등록외국인,8,7,3,1,3,7,7,3,1,2
"용산구","소계",계,13678,9338,6926,5408,3372,13723,9440,6995,5297,3372
"용산구","소계",한국인,13407,9195,6839,5372,3348,13460,9301,6910,5260,3348
"용산구","소계",등록외국인,271,143,87,36,24,263,139,85,37,24
"용산구","후암동",계,1126,810,558,456,276,1129,819,568,448,267
"용산구","후암동",한국인,1108,801,554,452,274,1112,810,564,444,264
"용산구","후암동",등록외국인,18,9,4,4,2,17,9,4,4,3
"용산구","용산2가동",계,693,500,417,310,185,692,503,418,304,180
"용산구","용산2가동",한국인,665,490,413,308,182,666,494,414,302,178
"용산구","용산2가동",등록외국인,28,10,4,2,3,26,9,4,2,2
"용산구","남영동",계,677,416,253,191,111,681,428,254,184,114
"용산구","남영동",한국인,662,409,253,188,110,666,421,254,181,112
"용산구","남영동",등록외국인,15,7,-,3,1,15,7,-,3,2
"용산구","청파동",계,1189,857,644,521,273,1208,859,653,504,281
"용산구","청파동",한국인,1172,851,639,520,273,1190,853,648,503,281
"용산구","청파동",등록외국인,17,6,5,1,-,18,6,5,1,-
"용산구","원효로1동",계,835,555,390,273,135,824,562,402,269,141
"용산구","원효로1동",한국인,824,546,384,269,133,813,552,396,265,139
"용산구","원효로1동",등록외국인,11,9,6,4,2,11,10,6,4,2
"용산구","원효로2동",계,887,593,460,335,235,890,593,469,331,229
"용산구","원효로2동",한국인,883,593,460,334,235,886,593,469,330,229
"용산구","원효로2동",등록외국인,4,-,-,1,-,4,-,-,1,-
"용산구","효창동",계,560,368,303,255,144,574,370,313,247,147
"용산구","효창동",한국인,560,366,302,254,144,574,369,312,246,147
"용산구","효창동",등록외국인,-,2,1,1,-,-,1,1,1,-
"용산구","용문동",계,763,581,468,335,206,779,583,478,332,198
"용산구","용문동",한국인,761,579,468,334,205,777,581,478,331,197
"용산구","용문동",등록외국인,2,2,-,1,1,2,2,-,1,1
"용산구","한강로동",계,1319,831,586,426,266,1317,841,592,422,268
"용산구","한강로동",한국인,1275,806,564,421,264,1274,816,571,417,266
"용산구","한강로동",등록외국인,44,25,22,5,2,43,25,21,5,2
"용산구","이촌1동",계,1523,991,753,672,503,1535,1012,755,666,504
"용산구","이촌1동",한국인,1504,978,742,671,499,1517,999,745,665,500
"용산구","이촌1동",등록외국인,19,13,11,1,4,18,13,10,1,4
"용산구","이촌2동",계,663,448,341,269,138,655,456,341,261,142
"용산구","이촌2동",한국인,660,447,339,269,138,652,455,339,261,142
"용산구","이촌2동",등록외국인,3,1,2,-,-,3,1,2,-,-
"용산구","이태원1동",계,497,359,251,197,125,499,363,250,196,126
"용산구","이태원1동",한국인,474,346,241,195,122,478,352,240,194,123
"용산구","이태원1동",등록외국인,23,13,10,2,3,21,11,10,2,3
"용산구","이태원2동",계,598,405,336,299,177,589,412,325,290,174
"용산구","이태원2동",한국인,570,393,330,298,175,561,400,319,289,172
"용산구","이태원2동",등록외국인,28,12,6,1,2,28,12,6,1,2
"용산구","한남동",계,921,691,492,365,207,921,705,489,362,218
"용산구","한남동",한국인,889,665,484,362,204,892,680,481,358,215
"용산구","한남동",등록외국인,32,26,8,3,3,29,25,8,4,3
"용산구","서빙고동",계,810,533,354,290,262,824,538,357,279,258
"용산구","서빙고동",한국인,795,527,348,285,261,808,532,351,274,258
"용산구","서빙고동",등록외국인,15,6,6,5,1,16,6,6,5,-
"용산구","보광동",계,617,400,320,214,129,606,396,331,202,125
"용산구","보광동",한국인,605,398,318,212,129,594,394,329,200,125
"용산구","보광동",등록외국인,12,2,2,2,-,12,2,2,2,-
"성동구","소계",계,18358,12590,9460,7070,3846,18566,12729,9644,6999,3892
"성동구","소계",한국인,18251,12522,9436,7062,3841,18464,12663,9620,6991,3888
"성동구","소계",등록외국인,107,68,24,8,5,102,66,24,8,4
"성동구","왕십리2동",계,1039,727,546,389,192,1033,719,565,387,192
"성동구","왕십리2동",한국인,1033,726,542,388,192,1027,718,561,386,192
"성동구","왕십리2동",등록외국인,6,1,4,1,-,6,1,4,1,-
"성동구","왕십리도선동",계,1481,1052,769,617,355,1524,1067,792,603,364
"성동구","왕십리도선동",한국인,1475,1047,768,617,355,1518,1062,791,603,364
"성동구","왕십리도선동",등록외국인,6,5,1,-,-,6,5,1,-,-
"성동구","마장동",계,1504,1078,851,605,338,1505,1070,868,596,333
"성동구","마장동",한국인,1495,1073,849,604,338,1496,1065,866,595,333
"성동구","마장동",등록외국인,9,5,2,1,-,9,5,2,1,-
"성동구","사근동",계,459,347,346,277,155,484,338,351,283,153
"성동구","사근동",한국인,457,345,345,277,155,482,337,350,283,153
"성동구","사근동",등록외국인,2,2,1,-,-,2,1,1,-,-
"성동구","행당1동",계,894,592,464,363,190,932,609,478,370,195
"성동구","행당1동",한국인,887,591,464,363,190,925,608,478,370,195
"성동구","행당1동",등록외국인,7,1,-,-,-,7,1,-,-,-
"성동구","행당2동",계,1441,1028,863,597,341,1461,1033,867,604,339
"성동구","행당2동",한국인,1437,1028,863,597,340,1459,1033,867,604,338
"성동구","행당2동",등록외국인,4,-,-,-,1,2,-,-,-,1
"성동구","응봉동",계,818,635,509,420,217,824,635,523,405,220
"성동구","응봉동",한국인,817,634,509,420,217,823,634,523,405,220
"성동구","응봉동",등록외국인,1,1,-,-,-,1,1,-,-,-
"성동구","금호1가동",계,1066,763,532,350,224,1066,777,538,345,232
"성동구","금호1가동",한국인,1065,762,530,350,224,1065,776,536,345,232
"성동구","금호1가동",등록외국인,1,1,2,-,-,1,1,2,-,-
"성동구","금호2.3가동",계,1413,1006,756,576,308,1416,1032,763,568,313
"성동구","금호2.3가동",한국인,1413,1003,756,576,307,1416,1029,763,568,312
"성동구","금호2.3가동",등록외국인,-,3,-,-,1,-,3,-,-,1
"성동구","금호4가동",계,961,695,507,383,199,968,703,523,385,201
"성동구","금호4가동",한국인,956,693,505,383,199,963,701,521,385,201
"성동구","금호4가동",등록외국인,5,2,2,-,-,5,2,2,-,-
"성동구","옥수동",계,1656,1132,816,623,358,1671,1157,827,614,357
"성동구","옥수동",한국인,1655,1125,814,619,356,1670,1150,825,610,356
"성동구","옥수동",등록외국인,1,7,2,4,2,1,7,2,4,1
"성동구","성수1가1동",계,1120,651,422,298,149,1145,668,411,298,156
"성동구","성수1가1동",한국인,1112,646,421,298,149,1137,663,410,298,156
"성동구","성수1가1동",등록외국인,8,5,1,-,-,8,5,1,-,-
"성동구","성수1가2동",계,926,556,399,305,158,934,575,421,300,166
"성동구","성수1가2동",한국인,924,555,399,305,158,932,574,421,300,166
"성동구","성수1가2동",등록외국인,2,1,-,-,-,2,1,-,-,-
"성동구","성수2가1동",계,1283,822,495,386,182,1310,832,513,372,186
"성동구","성수2가1동",한국인,1261,814,490,386,182,1289,824,508,372,186
"성동구","성수2가1동",등록외국인,22,8,5,-,-,21,8,5,-,-
"성동구","성수2가3동",계,668,468,366,268,167,681,460,369,271,167
"성동구","성수2가3동",한국인,665,463,366,268,167,678,455,369,271,167
"성동구","성수2가3동",등록외국인,3,5,-,-,-,3,5,-,-,-
"성동구","송정동",계,813,488,362,228,117,798,497,366,227,116
"성동구","송정동",한국인,800,480,359,227,117,787,490,363,226,116
"성동구","송정동",등록외국인,13,8,3,1,-,11,7,3,1,-
"성동구","용답동",계,816,550,457,385,196,814,557,469,371,202
"성동구","용답동",한국인,799,537,456,384,195,797,544,468,370,201
"성동구","용답동",등록외국인,17,13,1,1,1,17,13,1,1,1
"광진구","소계",계,22354,15253,10992,7763,4086,22447,15542,11180,7649,4120
"광진구","소계",한국인,22045,15131,10965,7755,4076,22148,15422,11156,7642,4110
"광진구","소계",등록외국인,309,122,27,8,10,299,120,24,7,10
"광진구","화양동",계,777,648,499,337,199,769,672,489,343,193
"광진구","화양동",한국인,758,637,497,337,199,753,662,487,343,193
"광진구","화양동",등록외국인,19,11,2,-,-,16,10,2,-,-
"광진구","군자동",계,1243,835,656,516,230,1232,847,670,496,232
"광진구","군자동",한국인,1234,824,655,515,230,1222,838,669,496,232
"광진구","군자동",등록외국인,9,11,1,1,-,10,9,1,-,-
"광진구","중곡1동",계,1061,693,536,399,200,1086,703,542,398,194
"광진구","중곡1동",한국인,1046,690,536,399,198,1070,700,542,398,192
"광진구","중곡1동",등록외국인,15,3,-,-,2,16,3,-,-,2
"광진구","중곡2동",계,1454,1006,743,490,226,1477,1028,765,490,231
"광진구","중곡2동",한국인,1442,1001,743,489,226,1466,1023,765,489,231
"광진구","중곡2동",등록외국인,12,5,-,1,-,11,5,-,1,-
"광진구","중곡3동",계,1263,830,635,452,216,1277,841,653,434,229
"광진구","중곡3동",한국인,1255,827,635,452,216,1270,838,653,434,229
"광진구","중곡3동",등록외국인,8,3,-,-,-,7,3,-,-,-
"광진구","중곡4동",계,2371,1582,1151,802,348,2392,1612,1166,792,359
"광진구","중곡4동",한국인,2360,1580,1150,802,348,2381,1610,1165,792,359
"광진구","중곡4동",등록외국인,11,2,1,-,-,11,2,1,-,-
"광진구","능동",계,623,454,364,249,136,628,461,378,249,135
"광진구","능동",한국인,618,452,364,249,136,624,459,378,249,135
"광진구","능동",등록외국인,5,2,-,-,-,4,2,-,-,-
"광진구","광장동",계,1634,1124,664,541,360,1630,1129,694,530,358
"광진구","광장동",한국인,1632,1121,663,541,360,1629,1126,693,530,358
"광진구","광장동",등록외국인,2,3,1,-,-,1,3,1,-,-
"광진구","자양1동",계,1477,988,749,565,298,1493,1030,741,546,296
"광진구","자양1동",한국인,1441,977,746,564,294,1457,1018,738,545,292
"광진구","자양1동",등록외국인,36,11,3,1,4,36,12,3,1,4
"광진구","자양2동",계,1813,1317,795,585,265,1821,1339,819,579,263
"광진구","자양2동",한국인,1797,1313,793,585,265,1806,1335,817,579,263
"광진구","자양2동",등록외국인,16,4,2,-,-,15,4,2,-,-
"광진구","자양3동",계,1891,1261,827,597,373,1888,1268,838,593,366
"광진구","자양3동",한국인,1877,1255,826,596,372,1874,1262,837,592,365
"광진구","자양3동",등록외국인,14,6,1,1,1,14,6,1,1,1
"광진구","자양4동",계,1676,1150,840,532,282,1660,1180,852,517,291
"광진구","자양4동",한국인,1545,1104,831,530,281,1532,1134,845,515,290
"광진구","자양4동",등록외국인,131,46,9,2,1,128,46,7,2,1
"광진구","구의1동",계,1385,885,715,477,264,1399,898,719,473,273
"광진구","구의1동",한국인,1367,878,710,476,264,1382,891,714,472,273
"광진구","구의1동",등록외국인,18,7,5,1,-,17,7,5,1,-
"광진구","구의2동",계,1832,1256,989,620,364,1846,1281,1003,620,364
"광진구","구의2동",한국인,1821,1253,988,619,362,1835,1278,1003,619,362
"광진구","구의2동",등록외국인,11,3,1,1,2,11,3,-,1,2
"광진구","구의3동",계,1854,1224,829,601,325,1849,1253,851,589,336
"광진구","구의3동",한국인,1852,1219,828,601,325,1847,1248,850,589,336
"광진구","구의3동",등록외국인,2,5,1,-,-,2,5,1,-,-
"동대문구","소계",계,24099,17512,13233,9960,5146,24354,17787,13396,9878,5207
"동대문구","소계",한국인,23937,17441,13205,9952,5134,24191,17715,13369,9870,5195
"동대문구","소계",등록외국인,162,71,28,8,12,163,72,27,8,12
"동대문구","용신동",계,40,14,7,2,3,40,14,6,1,3
"동대문구","용신동",한국인,-,-,-,-,-,-,-,-,-,-
"동대문구","용신동",등록외국인,40,14,7,2,3,40,14,6,1,3
"동대문구","신설동",계,924,617,438,334,182,935,631,436,338,183
"동대문구","신설동",한국인,924,617,438,334,182,935,631,436,338,183
"동대문구","신설동",등록외국인,-,-,-,-,-,-,-,-,-,-
"동대문구","용두동",계,1525,1094,861,645,374,1539,1114,872,642,368
"동대문구","용두동",한국인,1525,1094,861,645,374,1539,1114,872,642,368
"동대문구","용두동",등록외국인,-,-,-,-,-,-,-,-,-,-
"동대문구","제기동",계,1875,1380,1161,850,492,1850,1372,1144,836,493
"동대문구","제기동",한국인,1858,1373,1158,850,492,1832,1366,1141,836,493
"동대문구","제기동",등록외국인,17,7,3,-,-,18,6,3,-,-
"동대문구","전농1동",계,2257,1610,1190,912,480,2274,1618,1211,897,486
"동대문구","전농1동",한국인,2233,1603,1185,911,478,2250,1611,1206,896,484
"동대문구","전농1동",등록외국인,24,7,5,1,2,24,7,5,1,2
"동대문구","전농2동",계,1407,1023,740,614,337,1410,1043,741,592,337
"동대문구","전농2동",한국인,1404,1021,740,614,337,1406,1041,741,592,337
"동대문구","전농2동",등록외국인,3,2,-,-,-,4,2,-,-,-
"동대문구","답십리1동",계,1675,1080,882,633,317,1709,1102,882,617,321
"동대문구","답십리1동",한국인,1666,1076,880,633,316,1700,1098,880,617,320
"동대문구","답십리1동",등록외국인,9,4,2,-,1,9,4,2,-,1
"동대문구","답십리2동",계,2168,1619,1158,918,458,2162,1640,1184,903,467
"동대문구","답십리2동",한국인,2165,1618,1158,918,458,2159,1639,1184,903,467
"동대문구","답십리2동",등록외국인,3,1,-,-,-,3,1,-,-,-
"동대문구","장안1동",계,2821,2077,1451,980,420,2863,2075,1469,969,438
"동대문구","장안1동",한국인,2808,2068,1449,980,418,2850,2066,1467,969,436
"동대문구","장안1동",등록외국인,13,9,2,-,2,13,9,2,-,2
"동대문구","장안2동",계,2305,1624,1165,775,326,2316,1651,1170,775,334
"동대문구","장안2동",한국인,2299,1622,1164,775,326,2311,1649,1169,775,334
"동대문구","장안2동",등록외국인,6,2,1,-,-,5,2,1,-,-
"동대문구","청량리동",계,1965,1467,1073,858,438,1968,1504,1099,852,434
"동대문구","청량리동",한국인,1949,1456,1071,857,437,1953,1492,1097,850,433
"동대문구","청량리동",등록외국인,16,11,2,1,1,15,12,2,2,1
"동대문구","회기동",계,435,370,299,265,154,445,369,304,259,154
"동대문구","회기동",한국인,431,369,298,264,153,441,368,303,258,153
"동대문구","회기동",등록외국인,4,1,1,1,1,4,1,1,1,1
"동대문구","휘경1동",계,781,649,470,395,203,791,651,467,401,206
"동대문구","휘경1동",한국인,779,644,469,394,202,789,646,466,400,205
"동대문구","휘경1동",등록외국인,2,5,1,1,1,2,5,1,1,1
"동대문구","휘경2동",계,1486,1143,893,601,328,1505,1145,915,594,329
"동대문구","휘경2동",한국인,1476,1139,893,601,328,1495,1141,915,594,329
"동대문구","휘경2동",등록외국인,10,4,-,-,-,10,4,-,-,-
"동대문구","이문1동",계,1092,705,586,522,302,1212,808,629,551,324
"동대문구","이문1동",한국인,1082,705,583,521,302,1201,808,626,550,324
"동대문구","이문1동",등록외국인,10,-,3,1,-,11,-,3,1,-
"동대문구","이문2동",계,1343,1040,859,656,332,1335,1050,867,651,330
"동대문구","이문2동",한국인,1338,1036,858,655,331,1330,1045,866,650,329
"동대문구","이문2동",등록외국인,5,4,1,1,1,5,5,1,1,1
"중랑구","소계",계,31162,21807,15563,10897,5473,31440,22155,15842,10823,5520
"중랑구","소계",한국인,31030,21759,15542,10895,5471,31315,22109,15821,10821,5518
"중랑구","소계",등록외국인,132,48,21,2,2,125,46,21,2,2
"중랑구","면목2동",계,1995,1347,1006,741,354,2018,1375,1024,733,360
"중랑구","면목2동",한국인,1983,1346,1004,741,354,2006,1374,1022,733,360
"중랑구","면목2동",등록외국인,12,1,2,-,-,12,1,2,-,-
"중랑구","면목4동",계,1479,1090,870,639,233,1468,1112,876,641,236
"중랑구","면목4동",한국인,1473,1086,869,639,232,1462,1108,875,641,235
"중랑구","면목4동",등록외국인,6,4,1,-,1,6,4,1,-,1
"중랑구","면목5동",계,1054,698,487,345,158,1058,711,502,338,159
"중랑구","면목5동",한국인,1053,696,486,345,158,1057,709,501,338,159
"중랑구","면목5동",등록외국인,1,2,1,-,-,1,2,1,-,-
"중랑구","면목본동",계,2573,1806,1324,946,446,2614,1817,1333,947,453
"중랑구","면목본동",한국인,2553,1802,1324,946,446,2595,1813,1333,947,453
"중랑구","면목본동",등록외국인,20,4,-,-,-,19,4,-,-,-
"중랑구","면목7동",계,1837,1329,970,628,285,1856,1331,999,615,285
"중랑구","면목7동",한국인,1826,1323,970,628,285,1845,1325,999,615,285
"중랑구","면목7동",등록외국인,11,6,-,-,-,11,6,-,-,-
"중랑구","면목3.8동",계,2183,1477,1081,742,374,2193,1506,1114,741,371
"중랑구","면목3.8동",한국인,2175,1475,1079,742,374,2184,1504,1112,741,371
"중랑구","면목3.8동",등록외국인,8,2,2,-,-,9,2,2,-,-
"중랑구","상봉1동",계,1886,1102,826,580,309,1909,1123,834,576,315
"중랑구","상봉1동",한국인,1883,1101,826,580,309,1906,1122,834,576,315
"중랑구","상봉1동",등록외국인,3,1,-,-,-,3,1,-,-,-
"중랑구","상봉2동",계,1257,949,642,463,210,1277,943,666,459,206
"중랑구","상봉2동",한국인,1251,946,639,463,210,1271,940,663,459,206
"중랑구","상봉2동",등록외국인,6,3,3,-,-,6,3,3,-,-
"중랑구","중화1동",계,1587,1148,781,515,259,1586,1177,784,522,263
"중랑구","중화1동",한국인,1580,1144,780,515,259,1580,1174,783,522,263
"중랑구","중화1동",등록외국인,7,4,1,-,-,6,3,1,-,-
"중랑구","중화2동",계,2191,1511,1045,824,403,2233,1553,1096,805,410
"중랑구","중화2동",한국인,2171,1504,1040,823,402,2216,1547,1091,804,409
"중랑구","중화2동",등록외국인,20,7,5,1,1,17,6,5,1,1
"중랑구","묵1동",계,2428,1826,1278,884,456,2466,1826,1294,876,460
"중랑구","묵1동",한국인,2423,1823,1278,884,456,2461,1823,1294,876,460
"중랑구","묵1동",등록외국인,5,3,-,-,-,5,3,-,-,-
"중랑구","묵2동",계,1449,1168,751,559,272,1443,1165,779,561,271
"중랑구","묵2동",한국인,1444,1161,751,558,272,1438,1158,779,560,271
"중랑구","묵2동",등록외국인,5,7,-,1,-,5,7,-,1,-
"중랑구","망우본동",계,3065,2003,1471,953,526,3060,2074,1477,945,524
"중랑구","망우본동",한국인,3055,2002,1466,953,526,3051,2073,1472,945,524
"중랑구","망우본동",등록외국인,10,1,5,-,-,9,1,5,-,-
"중랑구","망우3동",계,1457,1012,739,486,256,1461,1037,751,485,253
"중랑구","망우3동",한국인,1449,1011,739,486,256,1454,1036,751,485,253
"중랑구","망우3동",등록외국인,8,1,-,-,-,7,1,-,-,-
"중랑구","신내1동",계,2987,2058,1483,1022,585,3039,2099,1496,1011,612
"중랑구","신내1동",한국인,2980,2057,1482,1022,585,3033,2098,1495,1011,612
"중랑구","신내1동",등록외국인,7,1,1,-,-,6,1,1,-,-
"중랑구","신내2동",계,1734,1283,809,570,347,1759,1306,817,568,342
"중랑구","신내2동",한국인,1731,1282,809,570,347,1756,1305,817,568,342
"중랑구","신내2동",등록외국인,3,1,-,-,-,3,1,-,-,-
"성북구","소계",계,28731,20596,16112,12180,6515,28844,21022,16227,12036,6572
"성북구","소계",한국인,28610,20537,16077,12163,6507,28728,20966,16192,12018,6565
"성북구","소계",등록외국인,121,59,35,17,8,116,56,35,18,7
"성북구","성북동",계,1026,750,606,513,310,1028,754,607,509,313
"성북구","성북동",한국인,1006,745,600,506,309,1008,748,601,502,312
"성북구","성북동",등록외국인,20,5,6,7,1,20,6,6,7,1
"성북구","삼선동",계,1398,989,821,696,406,1420,992,824,686,411
"성북구","삼선동",한국인,1395,989,818,695,405,1417,992,821,685,410
"성북구","삼선동",등록외국인,3,-,3,1,1,3,-,3,1,1
"성북구","동선동",계,700,485,467,366,208,708,504,453,365,212
"성북구","동선동",한국인,696,480,466,364,207,704,499,452,362,211
"성북구","동선동",등록외국인,4,5,1,2,1,4,5,1,3,1
"성북구","돈암1동",계,1132,791,620,458,247,1127,811,621,449,248
"성북구","돈암1동",한국인,1132,791,620,458,247,1127,811,621,449,248
"성북구","돈암1동",등록외국인,-,-,-,-,-,-,-,-,-,-
"성북구","돈암2동",계,1450,996,705,532,307,1471,1007,720,516,317
"성북구","돈암2동",한국인,1447,995,703,532,307,1468,1006,718,516,317
"성북구","돈암2동",등록외국인,3,1,2,-,-,3,1,2,-,-
"성북구","안암동",계,708,533,425,373,194,693,547,414,381,191
"성북구","안암동",한국인,697,531,422,373,194,683,546,411,381,191
"성북구","안암동",등록외국인,11,2,3,-,-,10,1,3,-,-
"성북구","보문동",계,1000,667,541,400,215,1014,660,547,388,209
"성북구","보문동",한국인,994,663,538,400,215,1008,656,544,388,209
"성북구","보문동",등록외국인,6,4,3,-,-,6,4,3,-,-
"성북구","정릉1동",계,1141,862,711,530,268,1173,869,711,522,273
"성북구","정릉1동",한국인,1134,860,707,530,268,1166,867,707,522,273
"성북구","정릉1동",등록외국인,7,2,4,-,-,7,2,4,-,-
"성북구","정릉2동",계,1752,1239,961,713,378,1734,1263,960,704,379
"성북구","정릉2동",한국인,1743,1237,961,712,378,1727,1261,960,703,379
"성북구","정릉2동",등록외국인,9,2,-,1,-,7,2,-,1,-
"성북구","정릉3동",계,1040,760,636,492,281,1038,802,636,489,275
"성북구","정릉3동",한국인,1040,760,636,491,281,1038,802,636,488,275
"성북구","정릉3동",등록외국인,-,-,-,1,-,-,-,-,1,-
"성북구","정릉4동",계,1810,1378,1054,818,403,1826,1387,1084,799,413
"성북구","정릉4동",한국인,1807,1377,1054,818,402,1822,1387,1084,799,412
"성북구","정릉4동",등록외국인,3,1,-,-,1,4,-,-,-,1
"성북구","길음1동",계,1703,1270,1027,789,377,1696,1332,1031,788,381
"성북구","길음1동",한국인,1698,1264,1026,789,377,1690,1326,1030,788,381
"성북구","길음1동",등록외국인,5,6,1,-,-,6,6,1,-,-
"성북구","길음2동",계,1234,888,632,409,215,1222,901,650,406,216
"성북구","길음2동",한국인,1228,884,629,408,215,1217,897,647,405,216
"성북구","길음2동",등록외국인,6,4,3,1,-,5,4,3,1,-
"성북구","종암동",계,2593,1722,1464,1094,689,2620,1773,1459,1074,705
"성북구","종암동",한국인,2586,1719,1460,1092,688,2613,1770,1455,1072,704
"성북구","종암동",등록외국인,7,3,4,2,1,7,3,4,2,1
"성북구","월곡1동",계,1845,1361,1015,794,379,1842,1391,1022,795,389
"성북구","월곡1동",한국인,1836,1355,1015,794,379,1835,1385,1022,795,389
"성북구","월곡1동",등록외국인,9,6,-,-,-,7,6,-,-,-
"성북구","월곡2동",계,1317,994,775,572,333,1322,1004,797,565,334
"성북구","월곡2동",한국인,1313,990,774,572,332,1319,1000,796,565,334
"성북구","월곡2동",등록외국인,4,4,1,-,1,3,4,1,-,-
"성북구","장위1동",계,1769,1182,818,613,323,1770,1220,818,615,321
"성북구","장위1동",한국인,1764,1179,816,613,323,1765,1218,816,615,321
"성북구","장위1동",등록외국인,5,3,2,-,-,5,2,2,-,-
"성북구","장위2동",계,1197,948,736,502,250,1196,959,740,497,258
"성북구","장위2동",한국인,1195,946,736,502,250,1194,957,740,497,258
"성북구","장위2동",등록외국인,2,2,-,-,-,2,2,-,-,-
"성북구","장위3동",계,1150,754,500,333,172,1158,781,518,325,167
"성북구","장위3동",한국인,1148,754,500,333,172,1157,781,518,325,167
"성북구","장위3동",등록외국인,2,-,-,-,-,1,-,-,-,-
"성북구","석관동",계,2766,2027,1598,1183,560,2786,2065,1615,1163,560
"성북구","석관동",한국인,2751,2018,1596,1181,558,2770,2057,1613,1161,558
"성북구","석관동",등록외국인,15,9,2,2,2,16,8,2,2,2
"강북구","소계",계,23654,17755,14128,10786,5375,23883,18001,14328,10689,5429
"강북구","소계",한국인,23540,17707,14106,10777,5373,23771,17956,14306,10681,5427
"강북구","소계",등록외국인,114,48,22,9,2,112,45,22,8,2
"강북구","삼양동",계,2027,1468,1128,821,417,2045,1478,1155,827,408
"강북구","삼양동",한국인,2021,1466,1127,821,417,2037,1477,1154,827,408
"강북구","삼양동",등록외국인,6,2,1,-,-,8,1,1,-,-
"강북구","미아동",계,1787,1269,947,768,397,1785,1280,983,757,403
"강북구","미아동",한국인,1768,1262,946,767,395,1768,1273,982,757,401
"강북구","미아동",등록외국인,19,7,1,1,2,17,7,1,-,2
"강북구","송중동",계,2300,1792,1225,968,442,2330,1800,1224,971,452
"강북구","송중동",한국인,2286,1781,1220,968,442,2314,1790,1219,971,452
"강북구","송중동",등록외국인,14,11,5,-,-,16,10,5,-,-
"강북구","송천동",계,2171,1550,1269,883,456,2167,1590,1290,873,463
"강북구","송천동",한국인,2155,1541,1266,880,456,2150,1581,1287,870,463
"강북구","송천동",등록외국인,16,9,3,3,-,17,9,3,3,-
"강북구","삼각산동",계,1803,1344,1012,720,378,1807,1363,1040,708,389
"강북구","삼각산동",한국인,1792,1343,1010,719,378,1797,1362,1038,707,389
"강북구","삼각산동",등록외국인,11,1,2,1,-,10,1,2,1,-
"강북구","번1동",계,1212,905,762,534,280,1239,915,778,525,269
"강북구","번1동",한국인,1201,904,758,534,280,1229,914,774,525,269
"강북구","번1동",등록외국인,11,1,4,-,-,10,1,4,-,-
"강북구","번2동",계,1342,1050,970,736,329,1380,1049,986,728,334
"강북구","번2동",한국인,1342,1048,970,735,329,1380,1047,986,727,334
"강북구","번2동",등록외국인,-,2,-,1,-,-,2,-,1,-
"강북구","번3동",계,1361,1167,1190,985,367,1357,1174,1208,970,361
"강북구","번3동",한국인,1356,1166,1190,985,367,1352,1173,1208,970,361
"강북구","번3동",등록외국인,5,1,-,-,-,5,1,-,-,-
"강북구","수유1동",계,1748,1255,944,711,343,1761,1294,948,701,344
"강북구","수유1동",한국인,1736,1253,944,711,343,1751,1292,948,701,344
"강북구","수유1동",등록외국인,12,2,-,-,-,10,2,-,-,-
"강북구","수유2동",계,1793,1378,1067,877,483,1836,1401,1080,877,482
"강북구","수유2동",한국인,1789,1375,1065,877,483,1832,1398,1078,877,482
"강북구","수유2동",등록외국인,4,3,2,-,-,4,3,2,-,-
"강북구","수유3동",계,1804,1306,1050,790,381,1846,1329,1044,790,386
"강북구","수유3동",한국인,1797,1302,1049,789,381,1840,1326,1043,789,386
"강북구","수유3동",등록외국인,7,4,1,1,-,6,3,1,1,-
"강북구","우이동",계,1710,1349,1000,876,456,1730,1380,1020,871,471
"강북구","우이동",한국인,1708,1346,997,876,456,1728,1377,1017,871,471
"강북구","우이동",등록외국인,2,3,3,-,-,2,3,3,-,-
"강북구","인수동",계,2596,1922,1564,1117,646,2600,1948,1572,1091,667
"강북구","인수동",한국인,2589,1920,1564,1115,646,2593,1946,1572,1089,667
"강북구","인수동",등록외국인,7,2,-,2,-,7,2,-,2,-
"도봉구","소계",계,26642,18885,13749,10268,5568,26908,19258,13929,10193,5639
"도봉구","소계",한국인,26591,18860,13740,10267,5565,26857,19233,13919,10192,5636
"도봉구","소계",등록외국인,51,25,9,1,3,51,25,10,1,3
"도봉구","창1동",계,1886,1321,961,773,432,1921,1354,972,754,434
"도봉구","창1동",한국인,1880,1315,960,773,431,1914,1348,971,754,433
"도봉구","창1동",등록외국인,6,6,1,-,1,7,6,1,-,1
"도봉구","창2동",계,2221,1586,1213,853,461,2264,1603,1214,861,471
"도봉구","창2동",한국인,2219,1584,1213,853,461,2262,1601,1214,861,471
"도봉구","창2동",등록외국인,2,2,-,-,-,2,2,-,-,-
"도봉구","창3동",계,1131,816,631,531,225,1136,847,628,517,225
"도봉구","창3동",한국인,1129,815,631,531,225,1134,846,628,517,225
"도봉구","창3동",등록외국인,2,1,-,-,-,2,1,-,-,-
"도봉구","창4동",계,1984,1238,882,639,398,2017,1252,892,632,408
"도봉구","창4동",한국인,1981,1237,881,639,398,2014,1251,891,632,408
"도봉구","창4동",등록외국인,3,1,1,-,-,3,1,1,-,-
"도봉구","창5동",계,1913,1322,908,673,398,1936,1354,915,660,396
"도봉구","창5동",한국인,1912,1322,908,673,398,1935,1354,915,660,396
"도봉구","창5동",등록외국인,1,-,-,-,-,1,-,-,-,-
"도봉구","도봉1동",계,2009,1633,1344,996,487,2029,1644,1361,999,494
"도봉구","도봉1동",한국인,2004,1632,1344,996,486,2024,1643,1361,999,493
"도봉구","도봉1동",등록외국인,5,1,-,-,1,5,1,-,-,1
"도봉구","도봉2동",계,2536,1982,1448,984,577,2535,2042,1460,982,574
"도봉구","도봉2동",한국인,2535,1980,1447,983,577,2534,2040,1459,981,574
"도봉구","도봉2동",등록외국인,1,2,1,1,-,1,2,1,1,-
"도봉구","쌍문1동",계,1796,1284,1001,811,439,1785,1321,1004,808,441
"도봉구","쌍문1동",한국인,1793,1283,1000,811,439,1782,1320,1003,808,441
"도봉구","쌍문1동",등록외국인,3,1,1,-,-,3,1,1,-,-
"도봉구","쌍문2동",계,1617,1161,792,582,336,1605,1191,812,573,334
"도봉구","쌍문2동",한국인,1614,1160,790,582,335,1602,1190,810,573,333
"도봉구","쌍문2동",등록외국인,3,1,2,-,1,3,1,2,-,1
"도봉구","쌍문3동",계,1339,926,771,601,292,1350,938,793,609,298
"도봉구","쌍문3동",한국인,1334,925,770,601,292,1345,937,792,609,298
"도봉구","쌍문3동",등록외국인,5,1,1,-,-,5,1,1,-,-
"도봉구","쌍문4동",계,1558,999,598,445,262,1578,1034,608,441,270
"도봉구","쌍문4동",한국인,1556,996,598,445,262,1576,1031,608,441,270
"도봉구","쌍문4동",등록외국인,2,3,-,-,-,2,3,-,-,-
"도봉구","방학1동",계,2444,1748,1295,947,455,2485,1754,1332,923,470
"도봉구","방학1동",한국인,2435,1744,1293,947,455,2477,1750,1330,923,470
"도봉구","방학1동",등록외국인,9,4,2,-,-,8,4,2,-,-
"도봉구","방학2동",계,1776,1264,925,762,362,1796,1298,929,766,373
"도봉구","방학2동",한국인,1768,1262,925,762,362,1788,1296,929,766,373
"도봉구","방학2동",등록외국인,8,2,-,-,-,8,2,-,-,-
"도봉구","방학3동",계,2432,1605,980,671,444,2471,1626,1009,668,451
"도봉구","방학3동",한국인,2431,1605,980,671,444,2470,1626,1008,668,451
"도봉구","방학3동",등록외국인,1,-,-,-,-,1,-,1,-,-
"노원구","소계",계,35577,25631,18458,13339,7418,35763,26060,18766,13226,7439
"노원구","소계",한국인,35513,25598,18445,13333,7415,35704,26028,18753,13220,7436
"노원구","소계",등록외국인,64,33,13,6,3,59,32,13,6,3
"노원구","월계1동",계,1494,1189,921,632,328,1493,1185,942,623,337
"노원구","월계1동",한국인,1489,1188,921,632,328,1488,1184,942,623,337
"노원구","월계1동",등록외국인,5,1,-,-,-,5,1,-,-,-
"노원구","월계2동",계,2257,1799,1231,887,411,2238,1825,1255,868,428
"노원구","월계2동",한국인,2255,1798,1231,886,411,2236,1824,1255,867,428
"노원구","월계2동",등록외국인,2,1,-,1,-,2,1,-,1,-
"노원구","월계3동",계,2298,1779,1306,908,521,2300,1803,1337,893,527
"노원구","월계3동",한국인,2295,1778,1305,907,521,2298,1802,1336,892,527
"노원구","월계3동",등록외국인,3,1,1,1,-,2,1,1,1,-
"노원구","공릉1동",계,2727,2108,1312,991,460,2752,2138,1344,984,460
"노원구","공릉1동",한국인,2716,2103,1312,991,460,2742,2133,1344,984,460
"노원구","공릉1동",등록외국인,11,5,-,-,-,10,5,-,-,-
"노원구","공릉2동",계,2516,1710,1164,817,444,2507,1753,1172,803,450
"노원구","공릉2동",한국인,2508,1710,1162,816,444,2500,1753,1170,802,450
"노원구","공릉2동",등록외국인,8,-,2,1,-,7,-,2,1,-
"노원구","하계1동",계,1897,1315,908,637,415,1911,1347,914,636,407
"노원구","하계1동",한국인,1894,1313,907,637,415,1908,1346,913,636,407
"노원구","하계1동",등록외국인,3,2,1,-,-,3,1,1,-,-
"노원구","하계2동",계,1314,773,587,380,278,1344,788,587,373,282
"노원구","하계2동",한국인,1314,772,585,380,278,1344,787,585,373,282
"노원구","하계2동",등록외국인,-,1,2,-,-,-,1,2,-,-
"노원구","중계본동",계,1093,657,467,352,203,1109,671,476,349,190
"노원구","중계본동",한국인,1092,654,467,352,203,1108,668,476,349,190
"노원구","중계본동",등록외국인,1,3,-,-,-,1,3,-,-,-
"노원구","중계1동",계,1216,686,461,374,218,1235,700,474,365,217
"노원구","중계1동",한국인,1214,683,460,374,218,1233,697,473,365,217
"노원구","중계1동",등록외국인,2,3,1,-,-,2,3,1,-,-
"노원구","중계4동",계,1332,1071,932,682,342,1323,1083,941,688,336
"노원구","중계4동",한국인,1331,1070,931,680,342,1322,1082,940,686,336
"노원구","중계4동",등록외국인,1,1,1,2,-,1,1,1,2,-
"노원구","중계2.3동",계,2509,1979,1673,1286,705,2544,1948,1720,1276,711
"노원구","중계2.3동",한국인,2505,1978,1673,1285,705,2540,1947,1720,1275,711
"노원구","중계2.3동",등록외국인,4,1,-,1,-,4,1,-,1,-
"노원구","상계1동",계,3243,2200,1543,1060,600,3270,2261,1568,1059,604
"노원구","상계1동",한국인,3240,2195,1541,1060,599,3267,2256,1566,1059,603
"노원구","상계1동",등록외국인,3,5,2,-,1,3,5,2,-,1
"노원구","상계2동",계,1501,1046,682,544,268,1514,1077,701,537,267
"노원구","상계2동",한국인,1498,1046,682,544,268,1511,1077,701,537,267
"노원구","상계2동",등록외국인,3,-,-,-,-,3,-,-,-,-
"노원구","상계3.4동",계,2371,1687,1319,1007,557,2394,1730,1331,1002,559
"노원구","상계3.4동",한국인,2364,1687,1318,1007,557,2387,1730,1330,1002,559
"노원구","상계3.4동",등록외국인,7,-,1,-,-,7,-,1,-,-
"노원구","상계5동",계,1920,1395,1103,861,446,1932,1406,1124,865,436
"노원구","상계5동",한국인,1917,1391,1102,861,446,1929,1402,1123,865,436
"노원구","상계5동",등록외국인,3,4,1,-,-,3,4,1,-,-
"노원구","상계6.7동",계,2021,1437,984,688,452,2005,1471,999,682,452
"노원구","상계6.7동",한국인,2018,1435,984,688,452,2004,1469,999,682,452
"노원구","상계6.7동",등록외국인,3,2,-,-,-,1,2,-,-,-
"노원구","상계8동",계,1162,917,617,407,256,1155,945,622,399,260
"노원구","상계8동",한국인,1161,917,617,407,255,1154,945,622,399,259
"노원구","상계8동",등록외국인,1,-,-,-,1,1,-,-,-,1
"노원구","상계9동",계,1469,1057,724,478,304,1476,1087,728,479,304
"노원구","상계9동",한국인,1466,1054,723,478,303,1473,1084,727,479,303
"노원구","상계9동",등록외국인,3,3,1,-,1,3,3,1,-,1
"노원구","상계10동",계,1237,826,524,348,210,1261,842,531,345,212
"노원구","상계10동",한국인,1236,826,524,348,210,1260,842,531,345,212
"노원구","상계10동",등록외국인,1,-,-,-,-,1,-,-,-,-
"은평구","소계",계,33878,24550,18981,13848,7405,34241,24837,19169,13739,7479
"은평구","소계",한국인,33738,24484,18951,13827,7392,34105,24773,19140,13719,7466
"은평구","소계",등록외국인,140,66,30,21,13,136,64,29,20,13
"은평구","녹번동",계,2695,1991,1584,1171,621,2741,2032,1608,1158,634
"은평구","녹번동",한국인,2677,1979,1577,1167,619,2724,2020,1601,1154,632
"은평구","녹번동",등록외국인,18,12,7,4,2,17,12,7,4,2
"은평구","불광1동",계,2915,2026,1614,1242,714,2787,1956,1514,1156,683
"은평구","불광1동",한국인,2904,2015,1611,1241,714,2777,1946,1511,1155,683
"은평구","불광1동",등록외국인,11,11,3,1,-,10,10,3,1,-
"은평구","불광2동",계,2322,1645,1311,1026,496,2406,1659,1324,1022,518
"은평구","불광2동",한국인,2316,1641,1308,1024,495,2401,1655,1321,1020,517
"은평구","불광2동",등록외국인,6,4,3,2,1,5,4,3,2,1
"은평구","갈현1동",계,1162,815,665,471,229,1172,831,685,461,226
"은평구","갈현1동",한국인,1159,814,662,471,229,1167,830,682,461,226
"은평구","갈현1동",등록외국인,3,1,3,-,-,5,1,3,-,-
"은평구","갈현2동",계,2042,1401,1179,772,443,2070,1436,1220,770,444
"은평구","갈현2동",한국인,2039,1399,1177,772,443,2067,1434,1217,770,444
"은평구","갈현2동",등록외국인,3,2,2,-,-,3,2,3,-,-
"은평구","구산동",계,2480,1774,1336,957,521,2487,1841,1361,955,525
"은평구","구산동",한국인,2469,1769,1336,955,520,2476,1836,1361,953,524
"은평구","구산동",등록외국인,11,5,-,2,1,11,5,-,2,1
"은평구","대조동",계,1827,1332,1152,897,470,1884,1348,1170,896,480
"은평구","대조동",한국인,1812,1328,1150,896,470,1871,1344,1169,895,480
"은평구","대조동",등록외국인,15,4,2,1,-,13,4,1,1,-
"은평구","응암1동",계,2029,1445,1201,853,444,2078,1461,1210,875,453
"은평구","응암1동",한국인,2011,1439,1200,851,444,2060,1455,1209,874,453
"은평구","응암1동",등록외국인,18,6,1,2,-,18,6,1,1,-
"은평구","응암2동",계,1553,1142,852,597,327,1558,1142,877,588,340
"은평구","응암2동",한국인,1544,1138,850,596,324,1549,1138,875,587,337
"은평구","응암2동",등록외국인,9,4,2,1,3,9,4,2,1,3
"은평구","응암3동",계,1906,1491,1231,972,554,1951,1499,1245,964,555
"은평구","응암3동",한국인,1900,1490,1229,971,554,1945,1498,1243,963,555
"은평구","응암3동",등록외국인,6,1,2,1,-,6,1,2,1,-
"은평구","역촌동",계,3358,2603,1912,1411,702,3420,2636,1942,1406,713
"은평구","역촌동",한국인,3345,2597,1911,1407,699,3406,2630,1942,1402,710
"은평구","역촌동",등록외국인,13,6,1,4,3,14,6,-,4,3
"은평구","신사1동",계,2116,1439,1137,824,399,2149,1449,1154,818,405
"은평구","신사1동",한국인,2104,1436,1137,824,399,2139,1447,1154,818,405
"은평구","신사1동",등록외국인,12,3,-,-,-,10,2,-,-,-
"은평구","신사2동",계,1544,1171,795,539,295,1588,1202,825,540,300
"은평구","신사2동",한국인,1537,1170,794,538,294,1581,1201,824,539,299
"은평구","신사2동",등록외국인,7,1,1,1,1,7,1,1,1,1
"은평구","증산동",계,1102,883,629,439,231,1088,890,626,434,228
"은평구","증산동",한국인,1100,883,628,438,231,1086,890,625,433,228
"은평구","증산동",등록외국인,2,-,1,1,-,2,-,1,1,-
"은평구","수색동",계,1342,888,584,439,234,1350,903,592,444,238
"은평구","수색동",한국인,1338,886,584,439,233,1346,901,592,444,237
"은평구","수색동",등록외국인,4,2,-,-,1,4,2,-,-,1
"은평구","진관동",계,3485,2504,1799,1238,725,3512,2552,1816,1252,737
"은평구","진관동",한국인,3483,2500,1797,1237,724,3510,2548,1814,1251,736
"은평구","진관동",등록외국인,2,4,2,1,1,2,4,2,1,1
"서대문구","소계",계,20318,14270,11313,8874,5183,20472,14432,11464,8767,5195
"서대문구","소계",한국인,20073,14126,11237,8816,5157,20226,14289,11386,8710,5168
"서대문구","소계",등록외국인,245,144,76,58,26,246,143,78,57,27
"서대문구","천연동",계,1124,800,672,509,348,1155,805,677,503,348
"서대문구","천연동",한국인,1114,797,671,508,348,1146,802,676,502,348
"서대문구","천연동",등록외국인,10,3,1,1,-,9,3,1,1,-
"서대문구","북아현동",계,906,608,399,357,210,913,601,406,343,206
"서대문구","북아현동",한국인,896,601,397,356,209,902,594,404,342,205
"서대문구","북아현동",등록외국인,10,7,2,1,1,11,7,2,1,1
"서대문구","충현동",계,1372,858,634,500,318,1372,878,636,503,315
"서대문구","충현동",한국인,1365,853,633,500,318,1365,873,634,503,315
"서대문구","충현동",등록외국인,7,5,1,-,-,7,5,2,-,-
"서대문구","신촌동",계,671,493,443,355,240,669,497,443,352,244
"서대문구","신촌동",한국인,654,484,436,354,238,652,489,436,351,242
"서대문구","신촌동",등록외국인,17,9,7,1,2,17,8,7,1,2
"서대문구","연희동",계,2091,1493,1263,1065,560,2104,1516,1274,1050,561
"서대문구","연희동",한국인,1984,1432,1221,1031,541,1996,1452,1230,1015,542
"서대문구","연희동",등록외국인,107,61,42,34,19,108,64,44,35,19
"서대문구","홍제1동",계,1806,1306,1004,774,459,1805,1312,1017,774,467
"서대문구","홍제1동",한국인,1795,1295,1002,767,458,1794,1301,1015,767,466
"서대문구","홍제1동",등록외국인,11,11,2,7,1,11,11,2,7,1
"서대문구","홍제3동",계,1345,948,792,670,408,1347,971,795,672,411
"서대문구","홍제3동",한국인,1332,947,792,670,408,1333,969,795,672,411
"서대문구","홍제3동",등록외국인,13,1,-,-,-,14,2,-,-,-
"서대문구","홍제2동",계,983,648,534,401,245,984,646,535,393,250
"서대문구","홍제2동",한국인,981,646,533,400,244,982,644,534,392,249
"서대문구","홍제2동",등록외국인,2,2,1,1,1,2,2,1,1,1
"서대문구","홍은1동",계,1830,1272,959,730,445,1876,1288,987,714,443
"서대문구","홍은1동",한국인,1821,1271,957,727,445,1868,1287,985,711,443
"서대문구","홍은1동",등록외국인,9,1,2,3,-,8,1,2,3,-
"서대문구","홍은2동",계,2092,1356,1054,803,494,2103,1384,1067,793,491
"서대문구","홍은2동",한국인,2069,1343,1048,801,492,2080,1372,1062,791,488
"서대문구","홍은2동",등록외국인,23,13,6,2,2,23,12,5,2,3
"서대문구","남가좌1동",계,852,580,466,355,219,858,618,466,356,218
"서대문구","남가좌1동",한국인,846,566,463,352,219,853,604,463,354,218
"서대문구","남가좌1동",등록외국인,6,14,3,3,-,5,14,3,2,-
"서대문구","남가좌2동",계,1694,1299,1048,820,445,1725,1309,1070,813,436
"서대문구","남가좌2동",한국인,1680,1293,1043,817,445,1711,1304,1065,811,436
"서대문구","남가좌2동",등록외국인,14,6,5,3,-,14,5,5,2,-
"서대문구","북가좌1동",계,1117,844,640,476,267,1119,854,655,455,267
"서대문구","북가좌1동",한국인,1113,842,640,474,267,1115,852,655,455,267
"서대문구","북가좌1동",등록외국인,4,2,-,2,-,4,2,-,-,-
"서대문구","북가좌2동",계,2435,1765,1405,1059,525,2442,1753,1436,1046,538
"서대문구","북가좌2동",한국인,2423,1756,1401,1059,525,2429,1746,1432,1044,538
"서대문구","북가좌2동",등록외국인,12,9,4,-,-,13,7,4,2,-
"마포구","소계",계,20389,14200,11167,8858,4889,20528,14457,11203,8781,4943
"마포구","소계",한국인,20196,14071,11103,8829,4879,20342,14326,11141,8754,4931
"마포구","소계",등록외국인,193,129,64,29,10,186,131,62,27,12
"마포구","아현동",계,1546,969,612,494,308,1556,975,624,501,310
"마포구","아현동",한국인,1538,957,602,492,307,1548,963,614,499,308
"마포구","아현동",등록외국인,8,12,10,2,1,8,12,10,2,2
"마포구","공덕동",계,2291,1505,1187,924,607,2321,1546,1175,920,601
"마포구","공덕동",한국인,2268,1494,1182,922,605,2301,1534,1170,918,599
"마포구","공덕동",등록외국인,23,11,5,2,2,20,12,5,2,2
"마포구","도화동",계,1378,936,707,570,363,1394,930,698,565,371
"마포구","도화동",한국인,1367,927,700,568,363,1383,921,691,563,370
"마포구","도화동",등록외국인,11,9,7,2,-,11,9,7,2,1
"마포구","용강동",계,1079,765,575,475,267,1086,790,567,478,273
"마포구","용강동",한국인,1072,759,569,473,267,1080,784,561,476,273
"마포구","용강동",등록외국인,7,6,6,2,-,6,6,6,2,-
"마포구","대흥동",계,700,482,346,326,178,701,480,355,316,183
"마포구","대흥동",한국인,694,480,345,324,177,695,476,354,314,182
"마포구","대흥동",등록외국인,6,2,1,2,1,6,4,1,2,1
"마포구","염리동",계,750,521,409,338,200,768,530,413,328,201
"마포구","염리동",한국인,744,516,407,336,200,761,525,411,326,201
"마포구","염리동",등록외국인,6,5,2,2,-,7,5,2,2,-
"마포구","신수동",계,1274,853,674,549,308,1269,864,680,536,306
"마포구","신수동",한국인,1265,852,674,548,308,1260,863,680,535,306
"마포구","신수동",등록외국인,9,1,-,1,-,9,1,-,1,-
"마포구","서강동",계,1271,875,655,559,316,1284,888,659,543,321
"마포구","서강동",한국인,1263,871,653,558,316,1277,885,657,542,321
"마포구","서강동",등록외국인,8,4,2,1,-,7,3,2,1,-
"마포구","서교동",계,1097,787,724,515,293,1113,797,720,510,301
"마포구","서교동",한국인,1078,775,721,514,293,1094,785,717,509,301
"마포구","서교동",등록외국인,19,12,3,1,-,19,12,3,1,-
"마포구","합정동",계,917,629,546,415,226,909,656,527,421,225
"마포구","합정동",한국인,913,623,545,415,226,904,650,526,421,225
"마포구","합정동",등록외국인,4,6,1,-,-,5,6,1,-,-
"마포구","망원1동",계,1177,864,745,556,283,1208,870,751,554,283
"마포구","망원1동",한국인,1167,859,743,555,283,1198,863,749,553,283
"마포구","망원1동",등록외국인,10,5,2,1,-,10,7,2,1,-
"마포구","망원2동",계,1115,817,680,540,243,1100,828,693,535,239
"마포구","망원2동",한국인,1106,815,679,538,243,1090,826,692,533,239
"마포구","망원2동",등록외국인,9,2,1,2,-,10,2,1,2,-
"마포구","연남동",계,851,599,480,394,204,862,611,485,396,208
"마포구","연남동",한국인,805,562,463,386,201,818,574,469,389,205
"마포구","연남동",등록외국인,46,37,17,8,3,44,37,16,7,3
"마포구","성산1동",계,1107,814,591,498,241,1103,834,600,496,252
"마포구","성산1동",한국인,1102,805,587,495,238,1098,826,596,494,249
"마포구","성산1동",등록외국인,5,9,4,3,3,5,8,4,2,3
"마포구","성산2동",계,2176,1638,1360,1082,507,2197,1669,1371,1067,524
"마포구","성산2동",한국인,2169,1633,1359,1082,507,2191,1665,1371,1067,524
"마포구","성산2동",등록외국인,7,5,1,-,-,6,4,-,-,-
"마포구","상암동",계,1660,1146,876,623,345,1657,1189,885,615,345
"마포구","상암동",한국인,1645,1143,874,623,345,1644,1186,883,615,345
"마포구","상암동",등록외국인,15,3,2,-,-,13,3,2,-,-
"양천구","소계",계,30447,21960,14995,9287,4773,30631,22392,15278,9181,4830
"양천구","소계",한국인,30321,21895,14965,9280,4769,30510,22329,15250,9174,4826
"양천구","소계",등록외국인,126,65,30,7,4,121,63,28,7,4
"양천구","목1동",계,1481,1036,724,430,221,1483,1077,724,425,226
"양천구","목1동",한국인,1477,1032,722,428,221,1480,1073,722,423,226
"양천구","목1동",등록외국인,4,4,2,2,-,3,4,2,2,-
"양천구","목2동",계,1954,1359,852,543,278,2000,1369,864,546,283
"양천구","목2동",한국인,1950,1356,847,542,278,1996,1367,860,545,283
"양천구","목2동",등록외국인,4,3,5,1,-,4,2,4,1,-
"양천구","목3동",계,1645,1092,748,424,250,1649,1122,761,425,253
"양천구","목3동",한국인,1642,1088,745,424,249,1646,1118,758,425,252
"양천구","목3동",등록외국인,3,4,3,-,1,3,4,3,-,1
"양천구","목4동",계,1352,987,750,467,249,1366,992,762,454,253
"양천구","목4동",한국인,1349,985,748,467,249,1363,990,760,454,253
"양천구","목4동",등록외국인,3,2,2,-,-,3,2,2,-,-
"양천구","목5동",계,2245,1525,982,511,302,2251,1592,970,515,305
"양천구","목5동",한국인,2243,1525,982,510,302,2249,1592,970,514,305
"양천구","목5동",등록외국인,2,-,-,1,-,2,-,-,1,-
"양천구","신월1동",계,1895,1356,973,577,249,1896,1375,1009,570,258
"양천구","신월1동",한국인,1880,1350,972,577,249,1884,1369,1008,570,258
"양천구","신월1동",등록외국인,15,6,1,-,-,12,6,1,-,-
"양천구","신월2동",계,1767,1314,922,516,238,1774,1353,938,509,234
"양천구","신월2동",한국인,1758,1312,921,514,238,1767,1351,937,507,234
"양천구","신월2동",등록외국인,9,2,1,2,-,7,2,1,2,-
"양천구","신월3동",계,1324,914,672,453,223,1306,927,681,449,218
"양천구","신월3동",한국인,1318,911,672,452,223,1299,924,681,448,218
"양천구","신월3동",등록외국인,6,3,-,1,-,7,3,-,1,-
"양천구","신월4동",계,1450,1067,745,463,218,1406,1096,760,464,218
"양천구","신월4동",한국인,1448,1067,745,463,218,1404,1096,760,464,218
"양천구","신월4동",등록외국인,2,-,-,-,-,2,-,-,-,-
"양천구","신월5동",계,1101,773,527,359,153,1138,784,537,351,155
"양천구","신월5동",한국인,1100,767,526,359,152,1137,778,536,351,154
"양천구","신월5동",등록외국인,1,6,1,-,1,1,6,1,-,1
"양천구","신월6동",계,867,666,393,275,112,893,672,405,270,116
"양천구","신월6동",한국인,866,665,393,275,112,892,671,405,270,116
"양천구","신월6동",등록외국인,1,1,-,-,-,1,1,-,-,-
"양천구","신월7동",계,1734,1322,876,629,338,1735,1349,905,617,346
"양천구","신월7동",한국인,1729,1321,873,629,338,1730,1348,902,617,346
"양천구","신월7동",등록외국인,5,1,3,-,-,5,1,3,-,-
"양천구","신정1동",계,1120,863,582,334,194,1120,894,594,319,200
"양천구","신정1동",한국인,1114,859,582,334,194,1114,890,594,319,200
"양천구","신정1동",등록외국인,6,4,-,-,-,6,4,-,-,-
"양천구","신정2동",계,1151,812,541,368,177,1181,820,564,363,182
"양천구","신정2동",한국인,1148,812,541,368,177,1177,820,564,363,182
"양천구","신정2동",등록외국인,3,-,-,-,-,4,-,-,-,-
"양천구","신정3동",계,3433,2380,1706,1084,544,3469,2416,1731,1082,544
"양천구","신정3동",한국인,3415,2375,1703,1084,542,3451,2410,1728,1082,542
"양천구","신정3동",등록외국인,18,5,3,-,2,18,6,3,-,2
"양천구","신정4동",계,2450,1890,1362,878,399,2473,1917,1388,864,411
"양천구","신정4동",한국인,2417,1872,1358,878,399,2441,1901,1384,864,411
"양천구","신정4동",등록외국인,33,18,4,-,-,32,16,4,-,-
"양천구","신정6동",계,1370,1022,569,292,196,1384,1039,584,288,192
"양천구","신정6동",한국인,1369,1022,568,292,196,1383,1039,583,288,192
"양천구","신정6동",등록외국인,1,-,1,-,-,1,-,1,-,-
"양천구","신정7동",계,2108,1582,1071,684,432,2107,1598,1101,670,436
"양천구","신정7동",한국인,2098,1576,1067,684,432,2097,1592,1098,670,436
"양천구","신정7동",등록외국인,10,6,4,-,-,10,6,3,-,-
"강서구","소계",계,39870,28802,20337,12752,6713,40117,29399,20795,12744,6915
"강서구","소계",한국인,39667,28712,20296,12736,6708,39911,29313,20757,12729,6910
"강서구","소계",등록외국인,203,90,41,16,5,206,86,38,15,5
"강서구","염창동",계,2158,1441,942,536,299,2194,1478,961,526,309
"강서구","염창동",한국인,2157,1440,942,536,299,2194,1477,961,526,309
"강서구","염창동",등록외국인,1,1,-,-,-,-,1,-,-,-
"강서구","등촌1동",계,1243,813,586,439,312,1262,824,601,422,306
"강서구","등촌1동",한국인,1238,810,584,439,312,1257,822,599,422,306
"강서구","등촌1동",등록외국인,5,3,2,-,-,5,2,2,-,-
"강서구","등촌2동",계,1451,1067,712,398,188,1451,1088,719,398,185
"강서구","등촌2동",한국인,1445,1062,711,398,188,1445,1083,719,398,185
"강서구","등촌2동",등록외국인,6,5,1,-,-,6,5,-,-,-
"강서구","등촌3동",계,2837,2025,1348,981,652,2831,2064,1378,957,670
"강서구","등촌3동",한국인,2831,2022,1347,981,651,2824,2062,1377,957,669
"강서구","등촌3동",등록외국인,6,3,1,-,1,7,2,1,-,1
"강서구","화곡1동",계,3698,2643,1933,1203,540,3727,2700,1976,1194,548
"강서구","화곡1동",한국인,3657,2627,1929,1200,540,3687,2686,1972,1192,548
"강서구","화곡1동",등록외국인,41,16,4,3,-,40,14,4,2,-
"강서구","화곡2동",계,1221,864,669,416,184,1249,879,676,417,182
"강서구","화곡2동",한국인,1209,862,667,413,184,1238,877,674,414,182
"강서구","화곡2동",등록외국인,12,2,2,3,-,11,2,2,3,-
"강서구","화곡3동",계,1775,1319,947,574,253,1772,1338,960,569,267
"강서구","화곡3동",한국인,1769,1318,946,573,253,1766,1337,959,568,267
"강서구","화곡3동",등록외국인,6,1,1,1,-,6,1,1,1,-
"강서구","화곡4동",계,1630,1206,890,547,276,1647,1217,916,545,277
"강서구","화곡4동",한국인,1615,1198,889,546,276,1631,1209,915,544,277
"강서구","화곡4동",등록외국인,15,8,1,1,-,16,8,1,1,-
"강서구","화곡본동",계,2206,1576,1092,696,292,2244,1626,1093,705,293
"강서구","화곡본동",한국인,2193,1573,1088,695,292,2229,1624,1089,704,293
"강서구","화곡본동",등록외국인,13,3,4,1,-,15,2,4,1,-
"강서구","화곡6동",계,1875,1302,870,473,252,1873,1342,881,466,257
"강서구","화곡6동",한국인,1865,1300,867,473,251,1862,1340,879,466,256
"강서구","화곡6동",등록외국인,10,2,3,-,1,11,2,2,-,1
"강서구","화곡8동",계,1787,1352,1021,671,285,1817,1366,1045,668,294
"강서구","화곡8동",한국인,1760,1338,1015,670,284,1790,1353,1039,667,293
"강서구","화곡8동",등록외국인,27,14,6,1,1,27,13,6,1,1
"강서구","가양1동",계,1741,1038,594,371,225,1766,1049,606,364,225
"강서구","가양1동",한국인,1735,1038,594,371,224,1758,1049,606,364,224
"강서구","가양1동",등록외국인,6,-,-,-,1,8,-,-,-,1
"강서구","가양2동",계,1640,1304,852,545,364,1646,1322,875,544,369
"강서구","가양2동",한국인,1640,1304,852,545,364,1646,1322,875,544,369
"강서구","가양2동",등록외국인,-,-,-,-,-,-,-,-,-,-
"강서구","가양3동",계,1342,1101,776,530,287,1319,1116,782,528,293
"강서구","가양3동",한국인,1339,1098,774,530,287,1316,1113,780,528,293
"강서구","가양3동",등록외국인,3,3,2,-,-,3,3,2,-,-
"강서구","발산1동",계,2118,1481,1173,714,367,2117,1501,1190,706,369
"강서구","발산1동",한국인,2115,1479,1172,714,367,2115,1499,1189,706,369
"강서구","발산1동",등록외국인,3,2,1,-,-,2,2,1,-,-
"강서구","우장산동",계,2635,1989,1441,769,346,2614,2026,1468,763,358
"강서구","우장산동",한국인,2628,1981,1439,768,346,2605,2018,1466,762,358
"강서구","우장산동",등록외국인,7,8,2,1,-,9,8,2,1,-
"강서구","공항동",계,1732,1268,847,582,278,1723,1284,863,571,282
"강서구","공항동",한국인,1713,1263,842,580,278,1705,1279,858,569,282
"강서구","공항동",등록외국인,19,5,5,2,-,18,5,5,2,-
"강서구","방화1동",계,2766,1989,1410,784,448,2866,2073,1539,892,558
"강서구","방화1동",한국인,2759,1984,1410,783,447,2861,2066,1539,891,557
"강서구","방화1동",등록외국인,7,5,-,1,1,5,7,-,1,1
"강서구","방화2동",계,1992,1439,1076,761,400,1986,1476,1075,768,410
"강서구","방화2동",한국인,1982,1431,1070,761,400,1975,1468,1070,768,410
"강서구","방화2동",등록외국인,10,8,6,-,-,11,8,5,-,-
"강서구","방화3동",계,2023,1585,1158,762,465,2013,1630,1191,741,463
"강서구","방화3동",한국인,2017,1584,1158,760,465,2007,1629,1191,739,463
"강서구","방화3동",등록외국인,6,1,-,2,-,6,1,-,2,-
"구로구","소계",계,30247,22397,16433,10762,5336,30363,22709,16696,10736,5414
"구로구","소계",한국인,28846,21834,16293,10721,5303,28974,22163,16557,10696,5381
"구로구","소계",등록외국인,1401,563,140,41,33,1389,546,139,40,33
"구로구","신도림동",계,2009,1533,1082,583,340,2001,1588,1091,589,341
"구로구","신도림동",한국인,2000,1529,1080,582,336,1992,1584,1089,588,337
"구로구","신도림동",등록외국인,9,4,2,1,4,9,4,2,1,4
"구로구","구로1동",계,1435,899,522,314,171,1443,926,516,319,176
"구로구","구로1동",한국인,1424,899,520,314,171,1433,926,514,319,176
"구로구","구로1동",등록외국인,11,-,2,-,-,10,-,2,-,-
"구로구","구로2동",계,2413,1683,1301,934,443,2446,1711,1304,927,442
"구로구","구로2동",한국인,2000,1526,1262,927,431,2035,1554,1263,920,430
"구로구","구로2동",등록외국인,413,157,39,7,12,411,157,41,7,12
"구로구","구로3동",계,1400,1047,796,516,267,1408,1050,823,511,270
"구로구","구로3동",한국인,1311,1004,792,515,264,1319,1010,819,510,267
"구로구","구로3동",등록외국인,89,43,4,1,3,89,40,4,1,3
"구로구","구로4동",계,1831,1319,1036,741,417,1856,1332,1048,738,421
"구로구","구로4동",한국인,1535,1214,1016,734,413,1558,1229,1028,731,417
"구로구","구로4동",등록외국인,296,105,20,7,4,298,103,20,7,4
"구로구","구로5동",계,2059,1498,1124,742,360,2084,1485,1157,732,372
"구로구","구로5동",한국인,1901,1419,1109,733,359,1927,1410,1143,723,371
"구로구","구로5동",등록외국인,158,79,15,9,1,157,75,14,9,1
"구로구","가리봉동",계,954,596,411,249,167,952,597,411,255,164
"구로구","가리봉동",한국인,762,520,389,241,160,763,524,390,247,157
"구로구","가리봉동",등록외국인,192,76,22,8,7,189,73,21,8,7
"구로구","고척1동",계,1825,1443,984,630,299,1846,1452,1010,627,300
"구로구","고척1동",한국인,1814,1435,983,630,299,1834,1445,1009,627,300
"구로구","고척1동",등록외국인,11,8,1,-,-,12,7,1,-,-
"구로구","고척2동",계,2131,1568,1184,844,414,2149,1584,1215,843,405
"구로구","고척2동",한국인,2098,1557,1181,843,413,2118,1573,1212,843,404
"구로구","고척2동",등록외국인,33,11,3,1,1,31,11,3,-,1
"구로구","개봉1동",계,2721,2029,1480,957,445,2736,2058,1500,961,468
"구로구","개봉1동",한국인,2682,2003,1472,956,445,2699,2034,1492,960,468
"구로구","개봉1동",등록외국인,39,26,8,1,-,37,24,8,1,-
"구로구","개봉2동",계,2597,2062,1534,926,432,2574,2100,1572,927,439
"구로구","개봉2동",한국인,2571,2052,1530,925,432,2548,2089,1568,926,439
"구로구","개봉2동",등록외국인,26,10,4,1,-,26,11,4,1,-
"구로구","개봉3동",계,1768,1363,963,625,294,1745,1376,974,609,305
"구로구","개봉3동",한국인,1736,1353,960,625,294,1716,1368,971,609,305
"구로구","개봉3동",등록외국인,32,10,3,-,-,29,8,3,-,-
"구로구","오류1동",계,1561,1207,898,635,334,1574,1200,923,630,344
"구로구","오류1동",한국인,1526,1198,897,634,333,1539,1191,922,629,343
"구로구","오류1동",등록외국인,35,9,1,1,1,35,9,1,1,1
"구로구","오류2동",계,2722,2092,1701,1186,536,2735,2146,1724,1166,542
"구로구","오류2동",한국인,2686,2075,1691,1184,536,2699,2130,1714,1164,542
"구로구","오류2동",등록외국인,36,17,10,2,-,36,16,10,2,-
"구로구","수궁동",계,1960,1416,1018,689,307,1943,1464,1029,705,309
"구로구","수궁동",한국인,1947,1408,1015,687,307,1931,1456,1027,703,309
"구로구","수궁동",등록외국인,13,8,3,2,-,12,8,2,2,-
"구로구","항동",계,861,642,399,191,110,871,640,399,197,116
"구로구","항동",한국인,853,642,396,191,110,863,640,396,197,116
"구로구","항동",등록외국인,8,-,3,-,-,8,-,3,-,-
"금천구","소계",계,18268,12401,9044,6168,2989,18418,12634,9176,6131,3038
"금천구","소계",한국인,17572,12119,8961,6148,2974,17734,12357,9093,6110,3023
"금천구","소계",등록외국인,696,282,83,20,15,684,277,83,21,15
"금천구","가산동",계,1340,820,630,363,196,1342,838,642,363,199
"금천구","가산동",한국인,1227,788,613,359,193,1228,807,626,359,196
"금천구","가산동",등록외국인,113,32,17,4,3,114,31,16,4,3
"금천구","독산1동",계,2766,1792,1289,935,424,2819,1822,1306,932,427
"금천구","독산1동",한국인,2690,1759,1281,931,423,2744,1791,1297,928,426
"금천구","독산1동",등록외국인,76,33,8,4,1,75,31,9,4,1
"금천구","독산2동",계,1656,1114,754,503,228,1671,1144,769,495,224
"금천구","독산2동",한국인,1594,1092,745,500,227,1612,1122,760,492,223
"금천구","독산2동",등록외국인,62,22,9,3,1,59,22,9,3,1
"금천구","독산3동",계,2270,1475,1004,674,338,2303,1484,1019,670,363
"금천구","독산3동",한국인,2096,1396,983,669,331,2137,1406,998,665,356
"금천구","독산3동",등록외국인,174,79,21,5,7,166,78,21,5,7
"금천구","독산4동",계,1358,913,658,419,167,1370,924,679,417,172
"금천구","독산4동",한국인,1287,888,644,416,167,1296,898,665,414,172
"금천구","독산4동",등록외국인,71,25,14,3,-,74,26,14,3,-
"금천구","시흥1동",계,2582,1832,1406,974,468,2604,1873,1408,981,473
"금천구","시흥1동",한국인,2472,1782,1401,974,467,2494,1824,1403,980,472
"금천구","시흥1동",등록외국인,110,50,5,-,1,110,49,5,1,1
"금천구","시흥2동",계,1811,1175,912,629,335,1806,1225,918,618,348
"금천구","시흥2동",한국인,1808,1174,912,628,335,1803,1224,918,617,348
"금천구","시흥2동",등록외국인,3,1,-,1,-,3,1,-,1,-
"금천구","시흥3동",계,1008,741,490,339,164,1019,742,497,346,155
"금천구","시흥3동",한국인,994,739,489,339,164,1005,740,496,346,155
"금천구","시흥3동",등록외국인,14,2,1,-,-,14,2,1,-,-
"금천구","시흥4동",계,1852,1328,919,619,310,1869,1364,939,601,312
"금천구","시흥4동",한국인,1812,1303,913,619,310,1831,1339,933,601,312
"금천구","시흥4동",등록외국인,40,25,6,-,-,38,25,6,-,-
"금천구","시흥5동",계,1625,1211,982,713,359,1615,1218,999,708,365
"금천구","시흥5동",한국인,1592,1198,980,713,357,1584,1206,997,708,363
"금천구","시흥5동",등록외국인,33,13,2,-,2,31,12,2,-,2
"영등포구","소계",계,25079,17730,13332,9336,5168,25239,17937,13524,9264,5205
"영등포구","소계",한국인,23688,17196,13194,9295,5129,23858,17413,13388,9225,5165
"영등포구","소계",등록외국인,1391,534,138,41,39,1381,524,136,39,40
"영등포구","영등포본동",계,1775,1238,877,628,308,1774,1258,894,610,320
"영등포구","영등포본동",한국인,1642,1181,871,625,305,1643,1207,889,607,316
"영등포구","영등포본동",등록외국인,133,57,6,3,3,131,51,5,3,4
"영등포구","영등포동",계,1424,986,635,451,224,1441,1004,638,446,220
"영등포구","영등포동",한국인,1403,969,622,449,223,1418,988,627,444,219
"영등포구","영등포동",등록외국인,21,17,13,2,1,23,16,11,2,1
"영등포구","여의동",계,2110,1580,1306,970,695,2120,1614,1301,972,687
"영등포구","여의동",한국인,2094,1572,1301,967,694,2104,1607,1296,970,686
"영등포구","여의동",등록외국인,16,8,5,3,1,16,7,5,2,1
"영등포구","당산1동",계,1307,968,698,486,275,1313,939,722,491,266
"영등포구","당산1동",한국인,1295,957,693,485,273,1302,928,717,490,264
"영등포구","당산1동",등록외국인,12,11,5,1,2,11,11,5,1,2
"영등포구","당산2동",계,1842,1355,986,651,385,1853,1362,1009,644,390
"영등포구","당산2동",한국인,1832,1349,982,650,384,1842,1356,1005,643,389
"영등포구","당산2동",등록외국인,10,6,4,1,1,11,6,4,1,1
"영등포구","도림동",계,1386,936,715,506,282,1402,944,717,515,283
"영등포구","도림동",한국인,1239,885,707,503,277,1255,895,707,512,278
"영등포구","도림동",등록외국인,147,51,8,3,5,147,49,10,3,5
"영등포구","문래동",계,1633,1312,1014,693,387,1635,1327,1003,691,405
"영등포구","문래동",한국인,1627,1307,1011,692,384,1629,1322,1000,690,402
"영등포구","문래동",등록외국인,6,5,3,1,3,6,5,3,1,3
"영등포구","양평1동",계,842,644,504,381,206,860,644,514,375,208
"영등포구","양평1동",한국인,835,640,500,379,205,853,638,510,373,207
"영등포구","양평1동",등록외국인,7,4,4,2,1,7,6,4,2,1
"영등포구","양평2동",계,1151,726,549,388,217,1156,750,562,383,217
"영등포구","양평2동",한국인,1143,724,546,388,216,1148,747,559,383,216
"영등포구","양평2동",등록외국인,8,2,3,-,1,8,3,3,-,1
"영등포구","신길1동",계,1390,942,764,551,304,1412,935,779,546,312
"영등포구","신길1동",한국인,1301,911,752,550,302,1325,902,767,545,310
"영등포구","신길1동",등록외국인,89,31,12,1,2,87,33,12,1,2
"영등포구","신길3동",계,1357,913,670,510,235,1351,940,685,503,233
"영등포구","신길3동",한국인,1289,895,668,507,232,1282,922,683,500,230
"영등포구","신길3동",등록외국인,68,18,2,3,3,69,18,2,3,3
"영등포구","신길4동",계,1005,683,513,348,185,1030,694,522,340,185
"영등포구","신길4동",한국인,965,662,510,344,183,992,672,519,336,183
"영등포구","신길4동",등록외국인,40,21,3,4,2,38,22,3,4,2
"영등포구","신길5동",계,885,613,433,292,144,873,630,438,295,153
"영등포구","신길5동",한국인,803,596,426,291,140,792,613,431,294,149
"영등포구","신길5동",등록외국인,82,17,7,1,4,81,17,7,1,4
"영등포구","신길6동",계,1318,941,692,450,275,1316,959,704,445,280
"영등포구","신길6동",한국인,1278,923,685,448,272,1274,942,697,443,277
"영등포구","신길6동",등록외국인,40,18,7,2,3,42,17,7,2,3
"영등포구","신길7동",계,1099,741,531,377,187,1108,756,546,376,187
"영등포구","신길7동",한국인,1085,738,531,375,186,1096,753,546,374,186
"영등포구","신길7동",등록외국인,14,3,-,2,1,12,3,-,2,1
"영등포구","대림1동",계,1218,967,739,511,253,1247,959,762,500,255
"영등포구","대림1동",한국인,1068,908,721,510,253,1096,903,744,499,255
"영등포구","대림1동",등록외국인,150,59,18,1,-,151,56,18,1,-
"영등포구","대림2동",계,1220,825,725,484,228,1246,832,730,469,232
"영등포구","대림2동",한국인,878,700,700,477,224,904,708,705,462,228
"영등포구","대림2동",등록외국인,342,125,25,7,4,342,124,25,7,4
"영등포구","대림3동",계,2117,1360,981,659,378,2102,1390,998,663,372
"영등포구","대림3동",한국인,1911,1279,968,655,376,1903,1310,986,660,370
"영등포구","대림3동",등록외국인,206,81,13,4,2,199,80,12,3,2
"동작구","소계",계,24947,18282,14499,10190,5354,25025,18565,14601,10083,5421
"동작구","소계",한국인,24626,18163,14471,10175,5342,24712,18445,14575,10068,5409
"동작구","소계",등록외국인,321,119,28,15,12,313,120,26,15,12
"동작구","노량진1동",계,2188,1601,1215,895,526,2187,1631,1202,891,536
"동작구","노량진1동",한국인,2173,1596,1213,895,526,2173,1626,1200,891,536
"동작구","노량진1동",등록외국인,15,5,2,-,-,14,5,2,-,-
"동작구","노량진2동",계,657,454,343,229,134,657,456,337,225,123
"동작구","노량진2동",한국인,627,451,341,228,132,628,453,335,224,121
"동작구","노량진2동",등록외국인,30,3,2,1,2,29,3,2,1,2
"동작구","상도1동",계,2770,1928,1596,1110,637,2774,1974,1604,1103,649
"동작구","상도1동",한국인,2759,1925,1594,1107,636,2763,1971,1602,1100,648
"동작구","상도1동",등록외국인,11,3,2,3,1,11,3,2,3,1
"동작구","상도2동",계,1646,1202,894,648,378,1657,1227,905,628,380
"동작구","상도2동",한국인,1637,1197,893,645,378,1650,1222,904,625,380
"동작구","상도2동",등록외국인,9,5,1,3,-,7,5,1,3,-
"동작구","상도3동",계,1714,1228,1042,773,384,1723,1249,1063,760,400
"동작구","상도3동",한국인,1706,1215,1042,773,384,1714,1237,1063,760,400
"동작구","상도3동",등록외국인,8,13,-,-,-,9,12,-,-,-
"동작구","상도4동",계,2087,1493,1202,813,412,2124,1508,1208,820,413
"동작구","상도4동",한국인,2066,1486,1200,812,411,2104,1501,1206,819,412
"동작구","상도4동",등록외국인,21,7,2,1,1,20,7,2,1,1
"동작구","흑석동",계,1860,1285,1011,801,459,1861,1329,1032,783,464
"동작구","흑석동",한국인,1855,1281,1010,799,458,1856,1325,1031,781,463
"동작구","흑석동",등록외국인,5,4,1,2,1,5,4,1,2,1
"동작구","사당1동",계,1472,1107,851,554,233,1475,1119,873,553,243
"동작구","사당1동",한국인,1452,1102,849,553,232,1456,1114,872,552,242
"동작구","사당1동",등록외국인,20,5,2,1,1,19,5,1,1,1
"동작구","사당2동",계,2048,1582,1328,904,423,2032,1620,1321,897,423
"동작구","사당2동",한국인,2032,1577,1327,904,422,2016,1615,1320,897,422
"동작구","사당2동",등록외국인,16,5,1,-,1,16,5,1,-,1
"동작구","사당3동",계,1726,1332,1075,686,315,1721,1351,1092,671,317
"동작구","사당3동",한국인,1722,1332,1074,686,314,1717,1351,1091,671,316
"동작구","사당3동",등록외국인,4,-,1,-,1,4,-,1,-,1
"동작구","사당4동",계,1031,767,659,435,208,1035,779,667,427,213
"동작구","사당4동",한국인,1025,761,659,435,208,1029,773,667,427,213
"동작구","사당4동",등록외국인,6,6,-,-,-,6,6,-,-,-
"동작구","사당5동",계,913,678,526,361,157,913,689,525,357,162
"동작구","사당5동",한국인,911,676,526,361,157,911,687,525,357,162
"동작구","사당5동",등록외국인,2,2,-,-,-,2,2,-,-,-
"동작구","대방동",계,1917,1527,1158,809,449,1931,1542,1161,793,444
"동작구","대방동",한국인,1905,1526,1158,809,448,1919,1541,1161,793,443
"동작구","대방동",등록외국인,12,1,-,-,1,12,1,-,-,1
"동작구","신대방1동",계,1703,1189,834,611,328,1717,1195,832,617,335
"동작구","신대방1동",한국인,1554,1134,821,607,325,1571,1139,820,613,332
"동작구","신대방1동",등록외국인,149,55,13,4,3,146,56,12,4,3
"동작구","신대방2동",계,1215,909,765,561,311,1218,896,779,558,319
"동작구","신대방2동",한국인,1202,904,764,561,311,1205,890,778,558,319
"동작구","신대방2동",등록외국인,13,5,1,-,-,13,6,1,-,-
"관악구","소계",계,30032,22871,18014,12846,6083,30231,23150,18323,12737,6201
"관악구","소계",한국인,29501,22659,17953,12825,6068,29697,22939,18262,12716,6186
"관악구","소계",등록외국인,531,212,61,21,15,534,211,61,21,15
"관악구","보라매동",계,1701,1256,1039,740,354,1686,1258,1056,734,355
"관악구","보라매동",한국인,1680,1244,1035,739,353,1666,1247,1052,733,354
"관악구","보라매동",등록외국인,21,12,4,1,1,20,11,4,1,1
"관악구","청림동",계,1015,740,561,447,259,1001,750,574,447,261
"관악구","청림동",한국인,1012,738,561,447,259,997,748,574,447,261
"관악구","청림동",등록외국인,3,2,-,-,-,4,2,-,-,-
"관악구","성현동",계,1995,1554,1232,925,452,2027,1566,1263,897,462
"관악구","성현동",한국인,1989,1553,1228,924,452,2021,1565,1259,896,462
"관악구","성현동",등록외국인,6,1,4,1,-,6,1,4,1,-
"관악구","행운동",계,1517,1232,1040,691,307,1511,1255,1043,691,314
"관악구","행운동",한국인,1504,1224,1038,691,306,1499,1247,1040,691,313
"관악구","행운동",등록외국인,13,8,2,-,1,12,8,3,-,1
"관악구","낙성대동",계,690,520,423,346,174,683,532,430,338,182
"관악구","낙성대동",한국인,681,520,422,345,173,674,532,429,337,181
"관악구","낙성대동",등록외국인,9,-,1,1,1,9,-,1,1,1
"관악구","청룡동",계,1726,1289,1113,727,319,1746,1312,1126,736,325
"관악구","청룡동",한국인,1679,1271,1106,725,319,1698,1295,1119,734,325
"관악구","청룡동",등록외국인,47,18,7,2,-,48,17,7,2,-
"관악구","은천동",계,2116,1723,1331,950,436,2144,1709,1381,935,441
"관악구","은천동",한국인,2090,1711,1325,949,435,2116,1696,1375,934,440
"관악구","은천동",등록외국인,26,12,6,1,1,28,13,6,1,1
"관악구","중앙동",계,818,635,519,405,199,809,649,534,395,200
"관악구","중앙동",한국인,811,630,518,405,198,801,644,533,395,199
"관악구","중앙동",등록외국인,7,5,1,-,1,8,5,1,-,1
"관악구","인헌동",계,1433,1217,889,646,312,1451,1220,922,634,320
"관악구","인헌동",한국인,1426,1214,886,645,311,1443,1217,919,633,319
"관악구","인헌동",등록외국인,7,3,3,1,1,8,3,3,1,1
"관악구","남현동",계,1123,819,652,451,198,1134,828,664,446,198
"관악구","남현동",한국인,1120,813,651,451,198,1132,822,663,446,198
"관악구","남현동",등록외국인,3,6,1,-,-,2,6,1,-,-
"관악구","서원동",계,1243,935,716,557,251,1255,949,719,541,260
"관악구","서원동",한국인,1221,931,716,557,249,1235,945,719,541,258
"관악구","서원동",등록외국인,22,4,-,-,2,20,4,-,-,2
"관악구","신원동",계,1142,878,717,576,255,1150,892,728,577,262
"관악구","신원동",한국인,1097,866,715,576,255,1104,880,726,577,262
"관악구","신원동",등록외국인,45,12,2,-,-,46,12,2,-,-
"관악구","서림동",계,1349,1102,748,558,285,1371,1129,744,575,273
"관악구","서림동",한국인,1344,1098,746,558,285,1365,1126,742,575,273
"관악구","서림동",등록외국인,5,4,2,-,-,6,3,2,-,-
"관악구","신사동",계,1389,1034,780,600,255,1404,1046,797,598,257
"관악구","신사동",한국인,1259,980,770,597,254,1275,993,787,595,256
"관악구","신사동",등록외국인,130,54,10,3,1,129,53,10,3,1
"관악구","신림동",계,727,512,446,311,139,719,528,462,298,145
"관악구","신림동",한국인,702,503,443,308,138,695,519,459,295,144
"관악구","신림동",등록외국인,25,9,3,3,1,24,9,3,3,1
"관악구","난향동",계,1082,811,630,432,191,1109,830,641,425,197
"관악구","난향동",한국인,1077,810,630,432,191,1104,829,641,425,197
"관악구","난향동",등록외국인,5,1,-,-,-,5,1,-,-,-
"관악구","조원동",계,1280,908,663,453,208,1295,918,672,447,214
"관악구","조원동",한국인,1190,873,654,448,206,1204,882,663,442,212
"관악구","조원동",등록외국인,90,35,9,5,2,91,36,9,5,2
"관악구","대학동",계,1205,850,685,480,253,1210,869,688,481,256
"관악구","대학동",한국인,1198,848,683,479,253,1203,867,687,480,256
"관악구","대학동",등록외국인,7,2,2,1,-,7,2,1,1,-
"관악구","삼성동",계,2022,1491,1225,848,447,2045,1508,1231,836,461
"관악구","삼성동",한국인,2013,1489,1224,848,447,2034,1506,1230,836,461
"관악구","삼성동",등록외국인,9,2,1,-,-,11,2,1,-,-
"관악구","미성동",계,2383,1805,1346,871,387,2401,1824,1360,887,399
"관악구","미성동",한국인,2358,1794,1345,870,386,2375,1812,1359,886,398
"관악구","미성동",등록외국인,25,11,1,1,1,26,12,1,1,1
"관악구","난곡동",계,2076,1560,1259,832,402,2080,1578,1288,819,419
"관악구","난곡동",한국인,2050,1549,1257,831,400,2056,1567,1286,818,417
"관악구","난곡동",등록외국인,26,11,2,1,2,24,11,2,1,2
"서초구","소계",계,23716,18110,13991,8958,4532,23848,18537,14089,9002,4598
"서초구","소계",한국인,23637,18071,13974,8951,4525,23772,18498,14072,8995,4591
"서초구","소계",등록외국인,79,39,17,7,7,76,39,17,7,7
"서초구","서초1동",계,1127,911,694,447,226,1117,933,701,444,234
"서초구","서초1동",한국인,1124,910,694,444,226,1113,931,701,441,234
"서초구","서초1동",등록외국인,3,1,-,3,-,4,2,-,3,-
"서초구","서초2동",계,1077,865,676,450,189,1076,888,665,468,189
"서초구","서초2동",한국인,1075,863,676,450,188,1073,885,664,468,188
"서초구","서초2동",등록외국인,2,2,-,-,1,3,3,1,-,1
"서초구","서초3동",계,1812,1371,1154,757,376,1838,1374,1155,748,388
"서초구","서초3동",한국인,1802,1367,1152,756,376,1829,1370,1153,747,388
"서초구","서초3동",등록외국인,10,4,2,1,-,9,4,2,1,-
"서초구","서초4동",계,1498,1185,941,658,331,1502,1223,952,651,335
"서초구","서초4동",한국인,1498,1184,941,658,331,1501,1222,952,651,335
"서초구","서초4동",등록외국인,-,1,-,-,-,1,1,-,-,-
"서초구","잠원동",계,1787,1256,882,538,314,1844,1326,912,553,317
"서초구","잠원동",한국인,1783,1253,882,538,314,1839,1323,912,553,317
"서초구","잠원동",등록외국인,4,3,-,-,-,5,3,-,-,-
"서초구","반포본동",계,14,11,10,2,3,14,11,10,2,2
"서초구","반포본동",한국인,14,11,10,2,3,14,11,10,2,2
"서초구","반포본동",등록외국인,-,-,-,-,-,-,-,-,-,-
"서초구","반포1동",계,1477,1171,907,563,244,1456,1193,915,556,251
"서초구","반포1동",한국인,1476,1170,905,563,242,1454,1192,913,556,249
"서초구","반포1동",등록외국인,1,1,2,-,2,2,1,2,-,2
"서초구","반포2동",계,1208,953,844,539,262,1208,970,846,552,254
"서초구","반포2동",한국인,1204,952,844,539,262,1205,970,846,552,254
"서초구","반포2동",등록외국인,4,1,-,-,-,3,-,-,-,-
"서초구","반포3동",계,1160,884,702,460,255,1178,900,683,467,262
"서초구","반포3동",한국인,1157,880,702,460,255,1176,895,683,467,262
"서초구","반포3동",등록외국인,3,4,-,-,-,2,5,-,-,-
"서초구","반포4동",계,1149,895,603,377,197,1142,917,597,378,195
"서초구","반포4동",한국인,1142,888,599,377,197,1135,910,595,378,195
"서초구","반포4동",등록외국인,7,7,4,-,-,7,7,2,-,-
"서초구","방배본동",계,1165,830,652,471,295,1167,840,657,469,293
"서초구","방배본동",한국인,1159,828,651,470,295,1161,839,656,468,293
"서초구","방배본동",등록외국인,6,2,1,1,-,6,1,1,1,-
"서초구","방배1동",계,1048,848,686,475,218,1049,861,687,472,226
"서초구","방배1동",한국인,1044,845,686,475,217,1046,859,687,472,225
"서초구","방배1동",등록외국인,4,3,-,-,1,3,2,-,-,1
"서초구","방배2동",계,1342,953,804,526,218,1330,979,800,531,219
"서초구","방배2동",한국인,1338,952,801,525,218,1327,978,797,530,219
"서초구","방배2동",등록외국인,4,1,3,1,-,3,1,3,1,-
"서초구","방배3동",계,1137,870,623,364,199,1129,888,628,360,203
"서초구","방배3동",한국인,1135,867,623,364,199,1126,885,628,360,203
"서초구","방배3동",등록외국인,2,3,-,-,-,3,3,-,-,-
"서초구","방배4동",계,1225,927,814,567,319,1295,968,853,581,343
"서초구","방배4동",한국인,1218,926,813,567,318,1288,967,851,581,342
"서초구","방배4동",등록외국인,7,1,1,-,1,7,1,2,-,1
"서초구","양재1동",계,2911,2249,1589,917,469,2920,2282,1611,923,476
"서초구","양재1동",한국인,2899,2245,1587,916,468,2910,2278,1609,922,475
"서초구","양재1동",등록외국인,12,4,2,1,1,10,4,2,1,1
"서초구","양재2동",계,1336,941,638,423,179,1344,960,647,415,177
"서초구","양재2동",한국인,1330,940,636,423,178,1340,959,645,415,176
"서초구","양재2동",등록외국인,6,1,2,-,1,4,1,2,-,1
"서초구","내곡동",계,1243,990,772,424,238,1239,1024,770,432,234
"서초구","내곡동",한국인,1239,990,772,424,238,1235,1024,770,432,234
"서초구","내곡동",등록외국인,4,-,-,-,-,4,-,-,-,-
"강남구","소계",계,31188,24839,18538,11416,5638,31363,25302,18905,11434,5714
"강남구","소계",한국인,31103,24794,18510,11406,5628,31278,25256,18879,11423,5704
"강남구","소계",등록외국인,85,45,28,10,10,85,46,26,11,10
"강남구","신사동",계,826,764,701,507,294,831,769,695,500,294
"강남구","신사동",한국인,825,761,700,507,294,830,766,694,500,294
"강남구","신사동",등록외국인,1,3,1,-,-,1,3,1,-,-
"강남구","논현1동",계,1024,814,619,431,229,1026,813,640,430,228
"강남구","논현1동",한국인,1017,812,618,431,228,1020,811,639,430,227
"강남구","논현1동",등록외국인,7,2,1,-,1,6,2,1,-,1
"강남구","논현2동",계,991,816,725,489,218,998,838,735,491,220
"강남구","논현2동",한국인,985,812,722,489,218,992,833,732,491,220
"강남구","논현2동",등록외국인,6,4,3,-,-,6,5,3,-,-
"강남구","압구정동",계,1487,1319,1206,845,468,1498,1338,1199,837,471
"강남구","압구정동",한국인,1482,1318,1205,844,467,1493,1337,1198,836,470
"강남구","압구정동",등록외국인,5,1,1,1,1,5,1,1,1,1
"강남구","청담동",계,1438,1034,812,552,250,1585,1146,892,586,281
"강남구","청담동",한국인,1433,1032,812,551,249,1580,1143,892,585,280
"강남구","청담동",등록외국인,5,2,-,1,1,5,3,-,1,1
"강남구","삼성1동",계,842,724,541,342,162,852,723,543,340,157
"강남구","삼성1동",한국인,837,721,539,342,162,847,720,541,340,157
"강남구","삼성1동",등록외국인,5,3,2,-,-,5,3,2,-,-
"강남구","삼성2동",계,1243,1046,891,667,280,1244,1066,908,665,281
"강남구","삼성2동",한국인,1237,1043,890,666,280,1238,1063,907,664,281
"강남구","삼성2동",등록외국인,6,3,1,1,-,6,3,1,1,-
"강남구","대치1동",계,1001,804,583,300,164,1007,814,589,299,166
"강남구","대치1동",한국인,999,802,579,300,164,1005,812,585,299,166
"강남구","대치1동",등록외국인,2,2,4,-,-,2,2,4,-,-
"강남구","대치2동",계,2131,1733,1159,590,241,2138,1760,1186,600,260
"강남구","대치2동",한국인,2127,1733,1157,589,241,2134,1760,1185,599,260
"강남구","대치2동",등록외국인,4,-,2,1,-,4,-,1,1,-
"강남구","대치4동",계,729,519,495,347,145,742,523,509,345,146
"강남구","대치4동",한국인,726,517,494,347,145,741,521,508,345,146
"강남구","대치4동",등록외국인,3,2,1,-,-,1,2,1,-,-
"강남구","역삼1동",계,1439,997,783,525,263,1452,998,809,523,262
"강남구","역삼1동",한국인,1432,989,782,523,261,1444,990,808,520,260
"강남구","역삼1동",등록외국인,7,8,1,2,2,8,8,1,3,2
"강남구","역삼2동",계,1211,1010,907,575,274,1195,1025,924,571,280
"강남구","역삼2동",한국인,1209,1010,907,574,274,1193,1025,923,570,280
"강남구","역삼2동",등록외국인,2,-,-,1,-,2,-,1,1,-
"강남구","도곡1동",계,1219,907,643,366,206,1224,934,651,361,200
"강남구","도곡1동",한국인,1217,904,643,365,206,1222,931,651,360,200
"강남구","도곡1동",등록외국인,2,3,-,1,-,2,3,-,1,-
"강남구","도곡2동",계,1710,1513,1176,729,382,1708,1538,1202,725,388
"강남구","도곡2동",한국인,1708,1512,1174,728,380,1706,1537,1200,724,386
"강남구","도곡2동",등록외국인,2,1,2,1,2,2,1,2,1,2
"강남구","개포1동",계,1629,1284,801,420,180,1639,1311,816,420,180
"강남구","개포1동",한국인,1625,1284,800,420,180,1635,1311,816,420,180
"강남구","개포1동",등록외국인,4,-,1,-,-,4,-,-,-,-
"강남구","개포2동",계,2278,1735,1126,535,227,2267,1761,1153,525,238
"강남구","개포2동",한국인,2276,1735,1125,534,226,2265,1761,1152,524,237
"강남구","개포2동",등록외국인,2,-,1,1,1,2,-,1,1,1
"강남구","개포3동",계,1192,1102,796,423,182,1159,1067,784,426,185
"강남구","개포3동",한국인,1190,1100,796,423,182,1156,1066,784,426,185
"강남구","개포3동",등록외국인,2,2,-,-,-,3,1,-,-,-
"강남구","개포4동",계,1530,1059,710,412,192,1549,1079,727,420,188
"강남구","개포4동",한국인,1522,1056,709,412,190,1541,1076,726,420,186
"강남구","개포4동",등록외국인,8,3,1,-,2,8,3,1,-,2
"강남구","세곡동",계,2756,2038,1458,973,584,2784,2093,1481,974,586
"강남구","세곡동",한국인,2754,2036,1456,973,584,2781,2091,1480,974,586
"강남구","세곡동",등록외국인,2,2,2,-,-,3,2,1,-,-
"강남구","일원본동",계,1530,1123,601,332,155,1524,1158,610,340,158
"강남구","일원본동",한국인,1530,1123,601,332,155,1524,1158,610,340,158
"강남구","일원본동",등록외국인,-,-,-,-,-,-,-,-,-,-
"강남구","일원1동",계,1288,1008,717,437,222,1262,1038,730,426,224
"강남구","일원1동",한국인,1282,1006,714,437,222,1256,1036,727,426,224
"강남구","일원1동",등록외국인,6,2,3,-,-,6,2,3,-,-
"강남구","수서동",계,1694,1490,1088,619,320,1679,1510,1122,630,321
"강남구","수서동",한국인,1690,1488,1087,619,320,1675,1508,1121,630,321
"강남구","수서동",등록외국인,4,2,1,-,-,4,2,1,-,-
"송파구","소계",계,43238,31426,21232,12754,6280,43453,31826,21591,12751,6338
"송파구","소계",한국인,43047,31343,21206,12736,6274,43270,31745,21566,12733,6332
"송파구","소계",등록외국인,191,83,26,18,6,183,81,25,18,6
"송파구","풍납1동",계,1146,787,513,378,186,1151,790,515,363,193
"송파구","풍납1동",한국인,1119,780,509,377,186,1124,785,512,362,193
"송파구","풍납1동",등록외국인,27,7,4,1,-,27,5,3,1,-
"송파구","풍납2동",계,1640,1163,869,501,262,1660,1191,886,504,263
"송파구","풍납2동",한국인,1636,1161,868,501,262,1656,1188,885,504,263
"송파구","풍납2동",등록외국인,4,2,1,-,-,4,3,1,-,-
"송파구","거여1동",계,981,734,563,348,188,997,759,576,328,190
"송파구","거여1동",한국인,978,733,562,348,188,995,757,575,328,190
"송파구","거여1동",등록외국인,3,1,1,-,-,2,2,1,-,-
"송파구","거여2동",계,1773,1298,954,617,277,1775,1345,968,620,289
"송파구","거여2동",한국인,1768,1295,953,617,277,1770,1342,967,620,289
"송파구","거여2동",등록외국인,5,3,1,-,-,5,3,1,-,-
"송파구","마천1동",계,1485,1031,786,569,264,1489,1064,791,560,272
"송파구","마천1동",한국인,1476,1029,785,569,264,1481,1062,790,560,272
"송파구","마천1동",등록외국인,9,2,1,-,-,8,2,1,-,-
"송파구","마천2동",계,1761,1242,867,644,300,1811,1278,873,653,293
"송파구","마천2동",한국인,1756,1241,867,644,299,1807,1277,873,653,292
"송파구","마천2동",등록외국인,5,1,-,-,1,4,1,-,-,1
"송파구","방이1동",계,1001,741,436,285,157,1039,751,456,285,150
"송파구","방이1동",한국인,999,740,434,283,157,1037,750,454,283,150
"송파구","방이1동",등록외국인,2,1,2,2,-,2,1,2,2,-
"송파구","방이2동",계,1496,1152,740,496,196,1513,1172,764,503,205
"송파구","방이2동",한국인,1486,1150,740,496,195,1504,1168,764,503,204
"송파구","방이2동",등록외국인,10,2,-,-,1,9,4,-,-,1
"송파구","오륜동",계,1267,1047,633,284,136,1257,1072,651,293,137
"송파구","오륜동",한국인,1265,1046,633,284,136,1255,1071,651,293,137
"송파구","오륜동",등록외국인,2,1,-,-,-,2,1,-,-,-
"송파구","오금동",계,3033,2115,1381,782,421,3007,2131,1419,786,418
"송파구","오금동",한국인,3024,2109,1379,779,421,2998,2126,1417,783,418
"송파구","오금동",등록외국인,9,6,2,3,-,9,5,2,3,-
"송파구","송파1동",계,1473,1121,685,464,197,1497,1132,708,464,198
"송파구","송파1동",한국인,1465,1113,683,464,197,1491,1124,706,464,198
"송파구","송파1동",등록외국인,8,8,2,-,-,6,8,2,-,-
"송파구","송파2동",계,1379,995,568,346,152,1394,1001,572,341,159
"송파구","송파2동",한국인,1367,993,566,346,152,1383,999,570,341,159
"송파구","송파2동",등록외국인,12,2,2,-,-,11,2,2,-,-
"송파구","석촌동",계,1950,1382,998,624,282,1960,1416,1026,622,283
"송파구","석촌동",한국인,1932,1374,994,623,281,1942,1408,1022,621,282
"송파구","석촌동",등록외국인,18,8,4,1,1,18,8,4,1,1
"송파구","삼전동",계,1744,1243,863,528,238,1764,1256,867,544,242
"송파구","삼전동",한국인,1735,1241,861,528,238,1755,1254,865,544,242
"송파구","삼전동",등록외국인,9,2,2,-,-,9,2,2,-,-
"송파구","가락본동",계,1883,1162,783,456,262,1892,1182,790,453,271
"송파구","가락본동",한국인,1874,1159,783,455,262,1883,1179,790,452,271
"송파구","가락본동",등록외국인,9,3,-,1,-,9,3,-,1,-
"송파구","가락1동",계,1727,1271,801,384,148,1759,1286,850,378,158
"송파구","가락1동",한국인,1724,1268,800,383,148,1755,1284,849,377,158
"송파구","가락1동",등록외국인,3,3,1,1,-,4,2,1,1,-
"송파구","가락2동",계,2103,1362,827,478,283,1953,1259,788,458,266
"송파구","가락2동",한국인,2096,1356,826,477,283,1946,1254,787,457,266
"송파구","가락2동",등록외국인,7,6,1,1,-,7,5,1,1,-
"송파구","문정1동",계,1459,1039,617,348,189,1498,1043,627,350,188
"송파구","문정1동",한국인,1454,1037,617,346,188,1492,1041,627,348,187
"송파구","문정1동",등록외국인,5,2,-,2,1,6,2,-,2,1
"송파구","문정2동",계,1533,1256,904,516,324,1534,1257,918,517,323
"송파구","문정2동",한국인,1530,1255,904,515,324,1531,1256,918,516,323
"송파구","문정2동",등록외국인,3,1,-,1,-,3,1,-,1,-
"송파구","장지동",계,2121,1544,965,590,298,2170,1560,1000,581,301
"송파구","장지동",한국인,2116,1540,965,590,298,2165,1557,1000,581,301
"송파구","장지동",등록외국인,5,4,-,-,-,5,3,-,-,-
"송파구","위례동",계,1811,1145,725,398,211,1845,1161,748,395,211
"송파구","위례동",한국인,1806,1143,725,398,211,1840,1159,748,395,211
"송파구","위례동",등록외국인,5,2,-,-,-,5,2,-,-,-
"송파구","잠실본동",계,1669,1156,819,479,234,1682,1186,818,484,232
"송파구","잠실본동",한국인,1647,1145,818,476,233,1663,1175,817,481,231
"송파구","잠실본동",등록외국인,22,11,1,3,1,19,11,1,3,1
"송파구","잠실2동",계,1408,1133,844,524,231,1420,1142,874,525,225
"송파구","잠실2동",한국인,1405,1131,844,523,231,1417,1140,874,524,225
"송파구","잠실2동",등록외국인,3,2,-,1,-,3,2,-,1,-
"송파구","잠실3동",계,2299,1846,1385,705,300,2291,1878,1397,713,303
"송파구","잠실3동",한국인,2295,1845,1384,705,300,2287,1877,1396,713,303
"송파구","잠실3동",등록외국인,4,1,1,-,-,4,1,1,-,-
"송파구","잠실4동",계,1199,946,600,348,187,1202,967,607,359,189
"송파구","잠실4동",한국인,1198,945,600,348,187,1201,966,607,359,189
"송파구","잠실4동",등록외국인,1,1,-,-,-,1,1,-,-,-
"송파구","잠실6동",계,1195,876,606,354,187,1197,903,602,356,202
"송파구","잠실6동",한국인,1194,875,606,354,186,1196,902,602,356,201
"송파구","잠실6동",등록외국인,1,1,-,-,1,1,1,-,-,1
"송파구","잠실7동",계,702,639,500,308,170,696,644,500,316,177
"송파구","잠실7동",한국인,702,639,500,307,170,696,644,500,315,177
"송파구","잠실7동",등록외국인,-,-,-,1,-,-,-,-,1,-
"강동구","소계",계,36022,25842,17282,10343,4838,36385,26417,17574,10336,4925
"강동구","소계",한국인,35871,25785,17257,10336,4837,36235,26362,17548,10330,4924
"강동구","소계",등록외국인,151,57,25,7,1,150,55,26,6,1
"강동구","강일동",계,2587,1808,1204,725,384,2611,1865,1206,732,383
"강동구","강일동",한국인,2580,1807,1202,724,384,2604,1864,1204,731,383
"강동구","강일동",등록외국인,7,1,2,1,-,7,1,2,1,-
"강동구","상일1동",계,2436,1663,944,466,216,2489,1716,958,467,222
"강동구","상일1동",한국인,2431,1662,942,466,216,2484,1715,956,467,222
"강동구","상일1동",등록외국인,5,1,2,-,-,5,1,2,-,-
"강동구","상일2동",계,692,604,414,289,146,686,613,432,283,144
"강동구","상일2동",한국인,692,602,414,289,146,686,611,432,283,144
"강동구","상일2동",등록외국인,-,2,-,-,-,-,2,-,-,-
"강동구","명일1동",계,1826,1369,886,484,230,1844,1395,880,497,227
"강동구","명일1동",한국인,1824,1366,884,484,230,1842,1392,878,497,227
"강동구","명일1동",등록외국인,2,3,2,-,-,2,3,2,-,-
"강동구","명일2동",계,1246,930,551,235,129,1229,958,554,240,133
"강동구","명일2동",한국인,1244,929,551,234,129,1227,957,554,240,133
"강동구","명일2동",등록외국인,2,1,-,1,-,2,1,-,-,-
"강동구","고덕1동",계,1382,931,570,311,174,1388,968,574,300,169
"강동구","고덕1동",한국인,1382,931,569,311,174,1388,968,573,300,169
"강동구","고덕1동",등록외국인,-,-,1,-,-,-,-,1,-,-
"강동구","고덕2동",계,1539,1092,694,372,180,1514,1124,714,363,179
"강동구","고덕2동",한국인,1533,1092,693,372,180,1509,1124,714,363,179
"강동구","고덕2동",등록외국인,6,-,1,-,-,5,-,-,-,-
"강동구","암사1동",계,2619,1880,1367,909,394,2681,1903,1394,904,401
"강동구","암사1동",한국인,2604,1874,1366,908,394,2665,1897,1393,903,401
"강동구","암사1동",등록외국인,15,6,1,1,-,16,6,1,1,-
"강동구","암사2동",계,1008,718,530,390,146,1015,729,532,398,157
"강동구","암사2동",한국인,1007,718,529,390,146,1014,729,531,398,157
"강동구","암사2동",등록외국인,1,-,1,-,-,1,-,1,-,-
"강동구","암사3동",계,1156,937,549,345,160,1146,952,557,349,161
"강동구","암사3동",한국인,1155,935,549,345,160,1145,950,556,349,161
"강동구","암사3동",등록외국인,1,2,-,-,-,1,2,1,-,-
"강동구","천호1동",계,2291,1620,1221,737,324,2304,1663,1229,754,333
"강동구","천호1동",한국인,2283,1619,1217,736,324,2296,1662,1224,753,333
"강동구","천호1동",등록외국인,8,1,4,1,-,8,1,5,1,-
"강동구","천호2동",계,2582,1825,1351,898,409,2633,1837,1377,892,429
"강동구","천호2동",한국인,2544,1813,1348,898,408,2596,1826,1374,892,428
"강동구","천호2동",등록외국인,38,12,3,-,1,37,11,3,-,1
"강동구","천호3동",계,2017,1385,980,672,288,2064,1420,1011,652,299
"강동구","천호3동",한국인,2002,1377,977,671,288,2048,1412,1008,651,299
"강동구","천호3동",등록외국인,15,8,3,1,-,16,8,3,1,-
"강동구","성내1동",계,1303,972,739,391,192,1335,978,750,392,186
"강동구","성내1동",한국인,1302,971,739,391,192,1334,977,750,392,186
"강동구","성내1동",등록외국인,1,1,-,-,-,1,1,-,-,-
"강동구","성내2동",계,1825,1353,972,616,320,1848,1384,994,623,329
"강동구","성내2동",한국인,1800,1347,968,616,320,1824,1379,990,623,329
"강동구","성내2동",등록외국인,25,6,4,-,-,24,5,4,-,-
"강동구","성내3동",계,1653,1195,890,570,263,1655,1220,888,571,275
"강동구","성내3동",한국인,1644,1193,890,570,263,1646,1218,888,571,275
"강동구","성내3동",등록외국인,9,2,-,-,-,9,2,-,-,-
"강동구","길동",계,3867,2708,1834,1113,494,3911,2738,1880,1108,507
"강동구","길동",한국인,3857,2705,1833,1112,494,3902,2735,1879,1107,507
"강동구","길동",등록외국인,10,3,1,1,-,9,3,1,1,-
"강동구","둔촌1동",계,2056,1424,711,282,110,2084,1492,744,278,120
"강동구","둔촌1동",한국인,2055,1421,711,282,110,2082,1489,744,278,120
"강동구","둔촌1동",등록외국인,1,3,-,-,-,2,3,-,-,-
"강동구","둔촌2동",계,1937,1428,875,538,279,1948,1462,900,533,271
"강동구","둔촌2동",한국인,1932,1423,875,537,279,1943,1457,900,532,271
"강동구","둔촌2동",등록외국인,5,5,-,1,-,5,5,-,1,-
