dong_code,dong_name,gu_name,lon,lat,n_young,n_aid,loss_pct
11010530,사직동,종로구,126.97037619175316,37.57388840525493,4699,2611,44.43
11010540,삼청동,종로구,126.9812055076861,37.58836398163185,2685,835,68.9
11010550,부암동,종로구,126.9635444453256,37.59696151000142,1262,502,60.22
11010560,평창동,종로구,126.96812530181217,37.61568673941523,501,267,46.71
11010570,무악동,종로구,126.95858593486159,37.57711070122111,2750,951,65.42
11010580,교남동,종로구,126.9641181110356,37.571065066202124,4573,2053,55.11
11010600,가회동,종로구,126.98654713132122,37.58251439589775,3386,1251,63.05
11010610,종로1·2·3·4가동,종로구,126.98986485053628,37.57518528813235,5650,2538,55.08
11010630,종로5·6가동,종로구,127.00439894623688,37.5728578074154,6074,2835,53.33
11010640,이화동,종로구,127.00302254037224,37.5797204470763,4702,2105,55.23
11010670,창신1동,종로구,127.01380357602432,37.57236944314417,6459,3118,51.73
11010680,창신2동,종로구,127.01018843883445,37.5760273446602,5258,2117,59.74
11010690,창신3동,종로구,127.01322200089639,37.57895402989708,5049,1913,62.11
11010700,숭인1동,종로구,127.0168909772371,37.57718300178883,5664,2281,59.73
11010710,숭인2동,종로구,127.02034256684647,37.574490326567336,6731,2942,56.29
11010720,청운효자동,종로구,126.96991651604964,37.58441438593664,2988,1492,50.07
11010730,혜화동,종로구,126.99742971018773,37.587470764837086,3032,1439,52.54
11020520,소공동,중구,126.97437465855587,37.564259492006414,6332,2547,59.78
11020540,회현동,중구,126.97710183280635,37.556941148458606,5060,2169,57.13
11020550,명동,중구,126.9843038782097,37.5639520995905,5703,2958,48.13
11020570,필동,중구,126.99377114942307,37.55686556464432,4047,1709,57.77
11020580,장충동,중구,127.00216590259735,37.555562422232775,3800,1577,58.5
11020590,광희동,중구,127.00376431261691,37.565156624587694,5975,3281,45.09
11020600,을지로동,중구,126.99656119705608,37.56662083276557,5892,3149,46.55
11020650,신당5동,중구,127.02186697405546,37.56363543799006,6143,2986,51.39
11020670,황학동,중구,127.02084551335268,37.56853540383971,6380,3226,49.44
11020680,중림동,중구,126.96603675492,37.55734687556798,5547,2329,58.01
11020690,신당동,중구,127.01370442509965,37.56569210595639,6398,3288,48.61
11020700,다산동,중구,127.00835540729572,37.55493363005261,4067,1551,61.86
11020710,약수동,중구,127.01028775631967,37.550149165040075,2638,1047,60.31
11020720,청구동,중구,127.0151881057277,37.556881545264034,4724,2012,57.41
11020730,동화동,중구,127.01865207211195,37.56071035196909,5820,2625,54.9
11030510,후암동,용산구,126.98061491206381,37.549906051008215,3705,1357,63.37
11030520,용산2가동,용산구,126.98508626191605,37.537884202696645,3321,1607,51.61
11030530,남영동,용산구,126.9748281375962,37.54403014434265,1765,517,70.71
11030570,원효로2동,용산구,126.95246013795605,37.53385298903413,3190,1311,58.9
11030580,효창동,용산구,126.9609438575728,37.542812262028285,5185,2344,54.79
11030590,용문동,용산구,126.95851291153744,37.537978945760585,4665,2042,56.23
11030630,이촌1동,용산구,126.97175816894628,37.515173197406796,782,336,57.03
11030640,이촌2동,용산구,126.95420569523412,37.5228566713962,175,31,82.29
11030650,이태원1동,용산구,126.99324192768375,37.533361434025664,2782,1593,42.74
11030660,이태원2동,용산구,126.9920555352616,37.541761099639764,2612,1203,53.94
11030690,서빙고동,용산구,126.98891983883853,37.519622081161145,1531,640,58.2
11030700,보광동,용산구,127.00090075322186,37.52688656464264,1768,817,53.79
11030710,청파동,용산구,126.9668428319284,37.547582040551966,5371,2488,53.68
11030720,원효로1동,용산구,126.96655774011691,37.537495408252404,4260,1834,56.95
11030730,한강로동,용산구,126.96859204653538,37.529126554992935,3004,1367,54.49
11030740,한남동,용산구,127.0051760744789,37.53752703631991,1728,669,61.28
11040520,왕십리2동,성동구,127.02772584042499,37.56145032979966,4566,2280,50.07
11040540,마장동,성동구,127.04059649638533,37.56741937568363,5710,2550,55.34
11040620,금호4가동,성동구,127.02415991032957,37.54539125166027,2386,940,60.6
11040650,성수1가1동,성동구,127.0422667722865,37.5407913325309,2138,928,56.59
11040660,성수1가2동,성동구,127.04364926158455,37.54901480279941,3140,1441,54.11
11040670,성수2가1동,성동구,127.05530803688087,37.53635428066976,2727,1192,56.29
11040680,성수2가3동,성동구,127.05808293720824,37.54557041044128,3348,1849,44.77
11040550,사근동,성동구,127.0453950264834,37.55812217202699,4135,1742,57.87
11040560,행당1동,성동구,127.03617444721854,37.55908854731263,5209,2861,45.08
11040570,행당2동,성동구,127.02965592584023,37.5566748701803,4149,1873,54.86
11040580,응봉동,성동구,127.03372259009396,37.550880204326404,3602,1536,57.36
11040590,금호1가동,성동구,127.02498140036262,37.55358526077018,4085,1617,60.42
11040690,송정동,성동구,127.06426370755484,37.55237272122619,1340,316,76.42
11040700,용답동,성동구,127.05747187210893,37.55891671134628,2360,880,62.71
11040710,왕십리도선동,성동구,127.02960466654267,37.56685334820828,5322,2748,48.37
11040720,금호2·3가동,성동구,127.01996838515213,37.55140325017196,3418,1149,66.38
11040730,옥수동,성동구,127.02058090615971,37.54084673506267,1603,449,71.99
11050530,화양동,광진구,127.07320119815208,37.5432439013835,3615,2162,40.19
11050540,군자동,광진구,127.07370763570512,37.553042592738905,3744,1870,50.05
11050550,중곡1동,광진구,127.07768466187612,37.562099828953514,3785,1685,55.48
11050560,중곡2동,광진구,127.08457877924444,37.55890884923199,2603,1511,41.95
11050570,중곡3동,광진구,127.08201711896305,37.567910728517546,4595,2175,52.67
11050580,중곡4동,광진구,127.09449429600252,37.56387418406835,1855,450,75.74
11050590,능동,광진구,127.08179055591272,37.550590554691254,2528,1271,49.72
11050600,구의1동,광진구,127.08571871787609,37.54163211251185,3249,1581,51.34
11050610,구의2동,광진구,127.0948570098907,37.55110383060905,2161,847,60.81
11050620,구의3동,광진구,127.09422214119553,37.53695833919028,1998,1067,46.6
11050630,광장동,광진구,127.10471417377585,37.547823355305525,1551,599,61.38
11050640,자양1동,광진구,127.08045419494673,37.53559067032294,3203,1815,43.33
11050650,자양2동,광진구,127.08275160944672,37.52910326555986,2252,1039,53.86
11050660,자양3동,광진구,127.07101791108903,37.53136751036125,2959,1409,52.38
11050670,자양4동,광진구,127.06362077888218,37.53375148270096,2906,1262,56.57
11060710,회기동,동대문구,127.05151151249837,37.59371704662174,4497,2009,55.33
11060720,휘경1동,동대문구,127.06260089490195,37.59195521151609,5694,2430,57.32
11060730,휘경2동,동대문구,127.06582196976379,37.58664122155807,5003,1645,67.12
11060800,청량리동,동대문구,127.04521583820201,37.58884133351542,5593,2442,56.34
11060810,용신동,동대문구,127.03245393846969,37.57555952173519,6360,2824,55.6
11070690,신내1동,중랑구,127.10404045599952,37.61316301894399,2228,813,63.51
11070700,신내2동,중랑구,127.0915872750643,37.61098377132041,4262,1288,69.78
11070710,면목본동,중랑구,127.08937931268704,37.5883163027265,6062,3310,45.4
11070720,면목3·8동,중랑구,127.09834894921502,37.58448864865944,3706,1550,58.18
11070730,망우본동,중랑구,127.1074423825566,37.602137299427554,3280,1943,40.76
11060820,제기동,동대문구,127.03722491037456,37.58374918917932,6139,3145,48.77
11060830,전농1동,동대문구,127.05095450414527,37.57921930096942,5686,2827,50.28
11060840,전농2동,동대문구,127.06111795896528,37.58069769868441,4698,1849,60.64
11060860,답십리2동,동대문구,127.06103594203776,37.57077974192204,4230,1875,55.67
11060870,장안1동,동대문구,127.06852151151806,37.56623854270284,3521,1321,62.48
11060880,장안2동,동대문구,127.07207253596219,37.575642377576834,5438,2456,54.84
11060890,이문1동,동대문구,127.06044644744223,37.597367756636636,5574,2487,55.38
11060900,이문2동,동대문구,127.06751568064769,37.60284076095435,5243,2199,58.06
11060910,답십리1동,동대문구,127.05187613589027,37.57127850372143,5228,2166,58.57
11070520,면목2동,중랑구,127.07783998592879,37.58928758931134,6969,2812,59.65
11080580,돈암1동,성북구,127.0243979974789,37.59975122476392,4519,1638,63.75
11080590,돈암2동,성북구,127.01160062733942,37.59708180839341,3017,1221,59.53
11080600,안암동,성북구,127.02722030564948,37.58772742907498,4362,2064,52.68
11080610,보문동,성북구,127.01913111060196,37.58282574667494,5417,2339,56.82
11080620,정릉1동,성북구,127.01698163133241,37.603279889757495,3263,1353,58.54
11070610,중화1동,중랑구,127.08307079249049,37.60259313170777,5992,2859,52.29
11070620,중화2동,중랑구,127.07502868330835,37.59918214926961,6323,3045,51.84
11070640,묵1동,중랑구,127.08253311774337,37.61372626864533,4232,1751,58.62
11070650,묵2동,중랑구,127.0746228695921,37.61082639576225,4011,1626,59.46
11070680,망우3동,중랑구,127.10282853449854,37.59188488948865,4481,2174,51.48
11070540,면목4동,중랑구,127.08537351083689,37.573618396508834,4376,2195,49.84
11070550,면목5동,중랑구,127.07887986969004,37.582517848993575,6532,3495,46.49
11070570,면목7동,중랑구,127.09279811735102,37.57713869652404,3689,1934,47.57
11070590,상봉1동,중랑구,127.08944596669087,37.60172219003114,5930,3029,48.92
11070600,상봉2동,중랑구,127.08401544440774,37.594321220006684,7201,3707,48.52
11080630,정릉2동,성북구,127.00849936160421,37.60367480045535,1830,892,51.26
11080640,정릉3동,성북구,126.99458907395908,37.612097214223226,949,351,63.01
11080650,정릉4동,성북구,126.99489573795191,37.62394790643644,226,51,77.43
11080660,길음1동,성북구,127.01974253741106,37.608223804960204,3614,1313,63.67
11080680,길음2동,성북구,127.02716357769651,37.60828699863288,4581,2138,53.33
11080710,월곡1동,성북구,127.0365511349686,37.607833813363115,3835,2022,47.28
11080720,월곡2동,성북구,127.04540285768408,37.60322828551558,3471,1176,66.12
11080760,장위1동,성북구,127.04465531413483,37.61509910201748,4022,1892,52.96
11080770,장위2동,성북구,127.0518985163789,37.61234881851908,3846,2097,45.48
11080780,장위3동,성북구,127.0534496155746,37.618258244159364,3316,1760,46.92
11080810,성북동,성북구,126.99413157361275,37.596682560973015,1398,590,57.8
11080820,삼선동,성북구,127.01170664109009,37.58655341600018,4331,1701,60.73
11080830,동선동,성북구,127.01851494313715,37.59364936526623,4551,1691,62.84
11080840,종암동,성북구,127.03386556635432,37.59744130222465,4779,2353,50.76
11080850,석관동,성북구,127.0613582002295,37.60827779801109,4639,2162,53.4
11090600,번1동,강북구,127.03061063724965,37.63755655660474,4436,2281,48.58
11090610,번2동,강북구,127.03474513511802,37.629488097185295,3501,1118,68.07
11090620,번3동,강북구,127.04218516462443,37.62368717107382,1775,584,67.1
11090630,수유1동,강북구,127.01001804547496,37.62973658469152,2659,1159,56.41
11090640,수유2동,강북구,127.01936444970761,37.64542125291999,4079,2392,41.36
11090730,삼각산동,강북구,127.01652450879381,37.617159321924895,3493,1571,55.02
11090740,우이동,강북구,127.00048797579129,37.660354476798624,385,189,50.91
11090750,인수동,강북구,127.00354865058915,37.637404497601224,2318,912,60.66
11100510,쌍문1동,도봉구,127.01951546410673,37.653068992011015,2357,959,59.31
11100520,쌍문2동,도봉구,127.03691781546132,37.65710973995211,3423,2039,40.43
11090650,수유3동,강북구,127.02344798165332,37.640500816028776,4671,2605,44.23
11090690,삼양동,강북구,127.0149296872241,37.62380428868456,3619,1917,47.03
11090700,미아동,강북구,127.02638883519182,37.6286430943613,4368,2493,42.93
11090710,송중동,강북구,127.03298279299756,37.617672494404935,4143,1980,52.21
11090720,송천동,강북구,127.02490801579239,37.618186162218315,4016,2267,43.55
11100530,쌍문3동,도봉구,127.03058770377831,37.647663176319206,4627,2187,52.73
11100540,쌍문4동,도봉구,127.03042069507883,37.6554290908076,3570,1687,52.75
11100550,방학1동,도봉구,127.04347667790003,37.665044536942005,3255,1623,50.14
11100560,방학2동,도봉구,127.0326914959371,37.669186295008195,1967,1145,41.79
11100570,방학3동,도봉구,127.02356305220674,37.66318978820641,2281,971,57.43
11100590,창1동,도봉구,127.04354218482702,37.64709095363226,3478,1491,57.13
11100600,창2동,도봉구,127.03676722305995,37.64251175089506,3734,2050,45.1
11100610,창3동,도봉구,127.04172481504055,37.63729406759408,2944,1324,55.03
11100620,창4동,도봉구,127.05090872417635,37.65271939890658,3208,1086,66.15
11100630,창5동,도봉구,127.04278935914124,37.65537201203442,3123,1720,44.92
11110560,공릉2동,노원구,127.09432249506914,37.631622803048145,884,410,53.62
11110580,하계1동,노원구,127.07506781460451,37.63851388338583,1785,831,53.45
11110590,하계2동,노원구,127.06496545757874,37.63504659820687,2002,882,55.94
11110600,중계본동,노원구,127.08602025048936,37.64862956029474,648,304,53.09
11110610,중계1동,노원구,127.07370053434063,37.65014914439062,1837,730,60.26
11100640,도봉1동,도봉구,127.02679778401425,37.68532167788639,555,118,78.74
11100650,도봉2동,도봉구,127.04770287585035,37.68125519337586,1965,1181,39.9
11110510,월계1동,노원구,127.05833874307358,37.621926451234025,2633,1107,57.96
11110520,월계2동,노원구,127.05129556031412,37.63397443662366,1537,429,72.09
11110530,월계3동,노원구,127.0648286003772,37.624458498209506,2075,709,65.83
11110640,중계4동,노원구,127.08251576123074,37.65936381534049,1529,755,50.62
11110650,상계1동,노원구,127.0651160053334,37.68338674005051,673,136,79.79
11110660,상계2동,노원구,127.06709978404781,37.65665173009935,2488,1491,40.07
11110690,상계5동,노원구,127.06999859656626,37.66600974328986,2414,1385,42.63
11110720,상계8동,노원구,127.05350419948567,37.66652478865794,2277,1119,50.86
11110730,상계9동,노원구,127.06218174276187,37.66760017894835,2185,1416,35.19
11110740,상계10동,노원구,127.0583838400237,37.659718205237596,3011,1467,51.28
11110760,상계3·4동,노원구,127.08421924436522,37.6757806893611,732,437,40.3
11110770,상계6·7동,노원구,127.06010095404451,37.64866192150531,2110,829,60.71
11110780,중계2·3동,노원구,127.0658938184482,37.643439904865254,1796,699,61.08
11110790,공릉1동,노원구,127.07255402951246,37.62421359048597,3209,1616,49.64
11120510,녹번동,은평구,126.93457423491225,37.6053074276667,4465,1672,62.55
11120520,불광1동,은평구,126.93865930639413,37.61687031191827,1839,613,66.67
11120550,갈현1동,은평구,126.91473674351454,37.6251944072868,3582,1764,50.75
11120560,갈현2동,은평구,126.9124522829648,37.61798044024732,3806,1951,48.74
11120570,구산동,은평구,126.90730850089201,37.61106906948426,3675,1772,51.78
11120580,대조동,은평구,126.92315430200344,37.61225631412217,5075,2951,41.85
11120590,응암1동,은평구,126.92706515302613,37.59834488940972,4607,1702,63.06
11120600,응암2동,은평구,126.92289573051877,37.59209293284854,5052,2091,58.61
11120650,신사1동,은평구,126.90850613115006,37.59913959401424,4636,2597,43.98
11120730,응암3동,은평구,126.91755421999957,37.588925886449964,5383,3081,42.76
11120740,역촌동,은평구,126.91462028140661,37.60457166837374,5515,3201,41.96
11130520,천연동,서대문구,126.95665379997622,37.571319721250305,4329,1548,64.24
11130620,홍제1동,서대문구,126.94431942770207,37.58340464927799,2857,1166,59.19
11130640,홍제3동,서대문구,126.95161457074964,37.592385668394165,1932,874,54.76
11130650,홍제2동,서대문구,126.95251351109047,37.584386222530824,2402,729,69.65
11130660,홍은1동,서대문구,126.94693500941561,37.600635025716805,1578,731,53.68
11130680,홍은2동,서대문구,126.93212975395744,37.587171118136766,3782,1418,62.51
11130690,남가좌1동,서대문구,126.91627891495793,37.571817307979536,5348,2231,58.28
11130700,남가좌2동,서대문구,126.92134585397174,37.57792795122213,3710,1488,59.89
11130710,북가좌1동,서대문구,126.90809660799596,37.5754158323854,3998,1487,62.81
11130720,북가좌2동,서대문구,126.91333901643478,37.581176957787626,4380,2164,50.59
11130730,충현동,서대문구,126.95831845101776,37.56394092272427,5338,2202,58.75
11130740,북아현동,서대문구,126.95501977408276,37.559290666514194,6653,2631,60.45
11130750,신촌동,서대문구,126.94157911276265,37.564076433172,6036,2969,50.81
11140660,서교동,마포구,126.920937410146,37.55474820360435,7435,3898,47.57
11140680,합정동,마포구,126.90895726408264,37.54696313646489,3241,1474,54.52
11140690,망원1동,마포구,126.89975187239361,37.553619391107,2589,1403,45.81
11140700,망원2동,마포구,126.90017656995815,37.558987897920694,3052,1559,48.92
11140710,연남동,마포구,126.92153721212678,37.563017898577115,7630,3355,56.03
11140720,성산1동,마포구,126.91184566491779,37.56200198093563,5111,2640,48.35
11140730,성산2동,마포구,126.9019676692874,37.568328822516754,2804,1013,63.87
11140740,상암동,마포구,126.87990137231965,37.57072681252407,702,379,46.01
11140750,도화동,마포구,126.94910829349134,37.538644436619656,4539,2294,49.46
11140760,서강동,마포구,126.92603137736542,37.546730424949686,5672,2579,54.53
11140770,공덕동,마포구,126.95794544371077,37.549318583119266,6042,3040,49.69
11140780,아현동,마포구,126.95270622333183,37.55185145997078,6435,3115,51.59
11150510,목1동,양천구,126.87443504835439,37.52751897696382,3237,1638,49.4
11150520,목2동,양천구,126.87428709976555,37.543632286524094,2270,1262,44.41
11150530,목3동,양천구,126.86555115162922,37.54516707974727,2933,1394,52.47
11150540,목4동,양천구,126.86695625154125,37.53535352120889,3317,1556,53.09
11150570,신월1동,양천구,126.83448924865068,37.5312693402027,3331,1807,45.75
11150580,신월2동,양천구,126.84632618908843,37.5234214000256,2899,1495,48.43
11150590,신월3동,양천구,126.82746225443499,37.53244791286603,2571,1246,51.54
11150600,신월4동,양천구,126.83985298743963,37.522155379200306,2587,1423,44.99
11150610,신월5동,양천구,126.82943634950789,37.54090147481226,3419,1787,47.73
11150620,신월6동,양천구,126.84216228969599,37.515984638597104,2499,1040,58.38
11150630,신월7동,양천구,126.83060460525498,37.51905408119347,1465,628,57.13
11150640,신정1동,양천구,126.85967071647731,37.51890558922772,2800,1314,53.07
11150650,신정2동,양천구,126.87479418102622,37.51940751839753,2973,1241,58.26
11150660,신정3동,양천구,126.84109375659928,37.511805795339725,2157,853,60.45
11150690,신정6동,양천구,126.86976721055242,37.51588413419531,3030,1314,56.63
11150700,신정7동,양천구,126.86540788615926,37.509876904971236,2649,1054,60.21
11150710,목5동,양천구,126.87988223605882,37.53605181423127,3062,1188,61.2
11150720,신정4동,양천구,126.85761808729367,37.52541053717015,3385,1592,52.97
11160510,염창동,강서구,126.8718012082841,37.554545204762505,1745,788,54.84
11160520,등촌1동,강서구,126.85960946358881,37.55585907314211,2951,1489,49.54
11160530,등촌2동,강서구,126.86002715195839,37.54584428867271,3087,1407,54.42
11160540,등촌3동,강서구,126.84619487822779,37.56120367265651,2868,1209,57.85
11160550,화곡본동,강서구,126.84811817003332,37.54263553921601,4106,1762,57.09
11160570,화곡2동,강서구,126.85438253599698,37.53226193404131,3514,1483,57.8
11160580,화곡3동,강서구,126.83430510651476,37.543994229750375,3908,2329,40.4
11160590,화곡4동,강서구,126.85859669629488,37.53608112107723,3513,1365,61.14
11160610,화곡6동,강서구,126.85123073884645,37.551721207795474,3892,1676,56.94
11160630,화곡8동,강서구,126.84877254326588,37.53426705011761,3911,1673,57.22
11160650,가양2동,강서구,126.85435657114951,37.56676857049107,1868,1073,42.56
11160660,가양3동,강서구,126.8610985937135,37.56080688567014,2213,1026,53.64
11160670,발산1동,강서구,126.8252626288339,37.55050734848395,2885,1265,56.15
11160690,공항동,강서구,126.79489872496099,37.55586445485271,1088,488,55.15
11160700,방화1동,강서구,126.81757767642411,37.56860638100388,2257,1173,48.03
11160710,방화2동,강서구,126.80402721536696,37.5827157944671,783,381,51.34
11160730,화곡1동,강서구,126.8409217863849,37.533773398247575,3916,1992,49.13
11160740,우장산동,강서구,126.84113170383488,37.550612286818215,3542,1878,46.98
11160751,가양1동,강서구,126.83490836276657,37.571877757986734,1781,846,52.5
11160761,방화3동,강서구,126.81759043741741,37.582115179677736,889,303,65.92
11170510,신도림동,구로구,126.88217455329419,37.51003042890602,2908,1122,61.42
11170520,구로1동,구로구,126.8753978521374,37.49314079143444,1484,358,75.88
11170540,구로3동,구로구,126.89491407012784,37.48487337152801,3128,1532,51.02
11170550,구로4동,구로구,126.89030933815891,37.49160785791388,3037,1810,40.4
11170560,구로5동,구로구,126.88855064719607,37.50199248336308,3134,1523,51.4
11120660,신사2동,은평구,126.90619969347146,37.59285518560382,4217,2227,47.19
11120670,증산동,은평구,126.90593994411584,37.58412801110365,3839,1865,51.42
11120680,수색동,은평구,126.8945310097418,37.58559044588531,1377,385,72.04
11120710,진관동,은평구,126.93782386644169,37.63967748666768,1495,694,53.58
11120720,불광2동,은평구,126.92869859802093,37.62427848110655,3562,1954,45.14
11170610,고척1동,구로구,126.86370020850303,37.500707539173625,2338,1102,52.87
11170620,고척2동,구로구,126.85346855317425,37.5058952894606,2144,1213,43.42
11170640,개봉2동,구로구,126.85648507626128,37.492572008264645,1854,856,53.83
11170650,개봉3동,구로구,126.85221978290733,37.48653805002536,1100,423,61.55
11170670,오류1동,구로구,126.84164828125361,37.49686838486978,2021,1009,50.07
11130760,연희동,서대문구,126.93279368219719,37.57222914112918,5567,2477,55.51
11140590,용강동,마포구,126.94221269453058,37.54152882411624,4990,2284,54.23
11140600,대흥동,마포구,126.94146542485042,37.55203679439331,7500,3446,54.05
11140610,염리동,마포구,126.94753736798982,37.54989794322705,6581,3533,46.32
11140630,신수동,마포구,126.93479349004949,37.545656091831525,5718,2719,52.45
11170690,수궁동,구로구,126.82601667762214,37.49843727587896,858,422,50.82
11170700,가리봉동,구로구,126.88805981739044,37.48269385869673,2593,1337,48.44
11170710,구로2동,구로구,126.87991772675927,37.49687647734135,2447,1235,49.53
11170720,개봉1동,구로구,126.8491260723261,37.500003485277,2319,1275,45.02
11170730,오류2동,구로구,126.83845109869257,37.48530010825143,1465,593,59.52
11170740,항동,구로구,126.82459597435522,37.48103540643098,642,302,52.96
11180510,가산동,금천구,126.88379100951869,37.47666103357112,1761,697,60.42
11180520,독산1동,금천구,126.89249586876186,37.46430812834484,1983,902,54.51
11180530,독산2동,금천구,126.90273250619438,37.46394956234604,2894,1490,48.51
11180540,독산3동,금천구,126.90460564391255,37.475786482730186,2757,1128,59.09
11180550,독산4동,금천구,126.90409065919043,37.469174934990164,2437,1045,57.12
11180570,시흥1동,금천구,126.90014758777995,37.452410501289,2702,1814,32.86
11180580,시흥2동,금천구,126.919823457482,37.45090389127478,1712,677,60.46
11180590,시흥3동,금천구,126.90599949698593,37.440077883660486,1568,895,42.92
11180600,시흥4동,금천구,126.90930858609607,37.460069391144245,2705,1343,50.35
11180610,시흥5동,금천구,126.91235682959562,37.44746217597066,1265,133,89.49
11190540,여의동,영등포구,126.92847099392799,37.52850588617169,1474,811,44.98
11190550,당산1동,영등포구,126.8967791938282,37.52390249089892,3424,2162,36.86
11190560,당산2동,영등포구,126.90237127225093,37.534107939099684,2676,1343,49.81
11190610,양평1동,영등포구,126.88671763971371,37.525457145698944,3486,1413,59.47
11190620,양평2동,영등포구,126.89059071666281,37.54350599706461,1741,665,61.8
11190630,신길1동,영등포구,126.91947941198488,37.51243124414795,2988,1319,55.86
11190650,신길3동,영등포구,126.90577252333996,37.50623847652175,3399,1407,58.61
11190660,신길4동,영등포구,126.91282913784812,37.506880549745,3116,1465,52.98
11190670,신길5동,영등포구,126.90551183636444,37.50096045272283,3167,1445,54.37
11190680,신길6동,영등포구,126.91358769840643,37.49879079868906,3428,1431,58.26
11190690,신길7동,영등포구,126.91956274962494,37.50594151265637,2755,1162,57.82
11190700,대림1동,영등포구,126.90521632771205,37.49367867169213,3249,1386,57.34
11190710,대림2동,영등포구,126.90050278538581,37.489620374992896,3207,1455,54.63
11190720,대림3동,영등포구,126.89714174256738,37.5000013939918,3507,1581,54.92
11190730,영등포본동,영등포구,126.90953139099852,37.51367496255471,3391,1526,55.0
11190740,영등포동,영등포구,126.90759899246919,37.52159287211847,3564,1640,53.98
11190750,도림동,영등포구,126.90055841844078,37.50911099368181,3874,1687,56.45
11190760,문래동,영등포구,126.8910589589363,37.51653104290297,3522,1511,57.1
11200520,노량진2동,동작구,126.9378092588696,37.51095606046409,1863,643,65.49
11200530,상도1동,동작구,126.95335247460314,37.49837095415103,2535,1162,54.16
11200540,상도2동,동작구,126.94187035012973,37.50368117248824,2701,1450,46.32
11200550,상도3동,동작구,126.9329330528571,37.49756521413235,3288,1350,58.94
11200560,상도4동,동작구,126.94066953166198,37.49742139563747,3516,1494,57.51
11200630,사당1동,동작구,126.97751814443805,37.479787070942976,2402,1417,41.01
11200650,사당3동,동작구,126.97097640544467,37.48875338771744,1581,649,58.95
11200660,사당4동,동작구,126.97075901411428,37.48053912021076,2274,1224,46.17
11200670,사당5동,동작구,126.96495934124816,37.485799165672574,2090,667,68.09
11200680,대방동,동작구,126.92804646320234,37.50690434678583,2596,1046,59.71
11200690,신대방1동,동작구,126.91067182478233,37.489983553625535,2978,1406,52.79
11200700,신대방2동,동작구,126.92166858873976,37.494578687505125,3264,1270,61.09
11200710,흑석동,동작구,126.9622369594424,37.50542556776741,1378,487,64.66
11200720,노량진1동,동작구,126.94895756386144,37.51223600498237,1731,901,47.95
11200730,사당2동,동작구,126.97483041066664,37.497196185118824,743,282,62.05
11210520,보라매동,관악구,126.93257621055314,37.49039974832168,3534,1634,53.76
11210540,청림동,관악구,126.95948142431105,37.489562714550075,2373,1034,56.43
11210570,행운동,관악구,126.96055286014867,37.480974573472,2732,1201,56.04
11210580,낙성대동,관악구,126.95984289748868,37.46768894029685,1623,655,59.64
11210610,중앙동,관악구,126.9506591167931,37.48415150195014,3120,1624,47.95
11210620,인헌동,관악구,126.96756079204378,37.469700648474365,1630,668,59.02
11210630,남현동,관악구,126.97776851777878,37.464112574718754,898,312,65.26
11210640,서원동,관악구,126.93333219750612,37.48059936969467,3840,2096,45.42
11210650,신원동,관악구,126.92661359761088,37.47939536547365,3668,1780,51.47
11210660,서림동,관악구,126.94149157317008,37.47286133709397,3162,1546,51.11
11210680,신사동,관악구,126.91862481629559,37.485825588698305,3331,1310,60.67
11220560,반포본동,서초구,126.98755711591076,37.504211930369735,1649,632,61.67
11220570,반포1동,서초구,127.01676258680855,37.505528544985516,3511,1468,58.19
11220580,반포2동,서초구,126.99596199011795,37.507225116387474,1340,519,61.27
11220590,반포3동,서초구,127.0039762404529,37.51232748681356,2022,771,61.87
11220600,반포4동,서초구,127.00335351814257,37.499550847837554,2197,1033,52.98
11220660,양재1동,서초구,127.02249760589372,37.46950102697897,916,429,53.17
11220670,양재2동,서초구,127.04575099026732,37.45115402843907,513,144,71.93
11220680,내곡동,서초구,127.07063207403098,37.455859679982346,784,327,58.29
11230510,신사동,강남구,127.02018462082201,37.52607707001956,2499,1346,46.14
11230511,개포3동,강남구,127.07882840006559,37.49628813274311,1261,432,65.74
11230520,논현1동,강남구,127.02649925040389,37.511870408738275,4079,1886,53.76
11230530,논현2동,강남구,127.03621124168993,37.515240141202646,4059,1910,52.94
11230580,삼성1동,강남구,127.06080236117045,37.51530460236227,2155,976,54.71
11230590,삼성2동,강남구,127.04877717924892,37.51185762490659,3203,1515,52.7
11230600,대치1동,강남구,127.05908990695542,37.49336324567496,2089,974,53.37
11230630,대치4동,강남구,127.05475387158482,37.50156538380051,2622,1347,48.63
11230640,역삼1동,강남구,127.03549921297726,37.500844784476854,4018,1840,54.21
11230650,역삼2동,강남구,127.04489564055362,37.49848374578736,3622,1474,59.3
11230660,도곡1동,강남구,127.04101124281279,37.488887630988174,3144,1474,53.12
11230670,도곡2동,강남구,127.04979821738354,37.48827577813093,2952,1207,59.11
11230680,개포1동,강남구,127.0623234443013,37.47778225487518,876,337,61.53
11230710,개포4동,강남구,127.0534104224387,37.47533346234771,1627,786,51.69
11230720,일원본동,강남구,127.08454753472914,37.48230858183133,1031,436,57.71
11230730,일원1동,강남구,127.08924198266318,37.493466414718434,693,388,44.01
11230750,수서동,강남구,127.10014331573323,37.486920789504076,944,315,66.63
11230760,세곡동,강남구,127.10430471022721,37.470658960454514,1218,687,43.6
11230770,압구정동,강남구,127.03431375538975,37.529752096298964,2485,1194,51.95
11230780,청담동,강남구,127.05046435459164,37.52439198312919,2710,1186,56.24
11230790,대치2동,강남구,127.06565725839754,37.50098771718614,2457,1148,53.28
11230800,개포2동,강남구,127.06901071391306,37.48467371192644,1455,428,70.58
11240510,풍납1동,송파구,127.11465978748619,37.53843740879783,2030,914,54.98
11240520,풍납2동,송파구,127.10816317153319,37.530166596863936,1424,300,78.93
11240530,거여1동,송파구,127.14186329626197,37.49475341526546,4098,2231,45.56
11240540,거여2동,송파구,127.1471294301146,37.49229747247788,3490,1821,47.82
11240550,마천1동,송파구,127.15601235336375,37.4953180164328,1889,1217,35.57
11240560,마천2동,송파구,127.15064880026856,37.5005318698202,2372,1289,45.66
11240570,방이1동,송파구,127.12245403758457,37.5098549518496,3014,1528,49.3
11240580,방이2동,송파구,127.11389239832896,37.51324707823731,2674,1265,52.69
11240590,오륜동,송파구,127.12883478391247,37.517429083687226,2638,1130,57.16
11240600,오금동,송파구,127.13402038204731,37.504005006398856,3098,1661,46.38
11210690,신림동,관악구,126.92716834843455,37.487141485361654,3713,1879,49.39
11210710,난향동,관악구,126.91852417057156,37.46150301069305,2161,724,66.5
11210720,조원동,관악구,126.90734837201849,37.48282393739564,2948,1223,58.51
11210730,대학동,관악구,126.94851992424513,37.45291180077863,542,175,67.71
11210780,은천동,관악구,126.94209910768268,37.48699915701505,4014,1891,52.89
11240610,송파1동,송파구,127.11036603748381,37.50717839089453,2627,1184,54.93
11240620,송파2동,송파구,127.1170093504755,37.50285327140594,3024,1214,59.85
11240630,석촌동,송파구,127.10251286120605,37.50272627662853,2141,1252,41.52
11240640,삼전동,송파구,127.09188811170455,37.50190262642996,2106,1074,49.0
11240650,가락본동,송파구,127.12165364978522,37.49701947568581,3100,1541,50.29
11210790,성현동,관악구,126.95104666804397,37.48955017536756,3241,1595,50.79
11210800,청룡동,관악구,126.9458100929126,37.47805693847172,3321,1726,48.03
11210810,난곡동,관악구,126.92113781755056,37.47063731225285,2416,818,66.14
11210820,삼성동,관악구,126.93008899279089,37.460851251222245,1050,271,74.19
11210830,미성동,관악구,126.91547510527295,37.47592801100392,2766,1249,54.84
11220510,서초1동,서초구,127.02010071753378,37.4869362195903,3143,1763,43.91
11220520,서초2동,서초구,127.0279084815158,37.488827840993515,3627,1924,46.95
11220530,서초3동,서초구,127.00945352840277,37.48552032976031,2634,1160,55.96
11220540,서초4동,서초구,127.0198143494006,37.49894700322972,3430,1629,52.51
11220550,잠원동,서초구,127.01273659812534,37.51707916844569,2564,1062,58.58
11220610,방배본동,서초구,126.98772525225613,37.495050803692614,2325,1094,52.95
11220620,방배1동,서초구,126.99625990421463,37.484876570755446,2243,783,65.09
11220630,방배2동,서초구,126.9884232934649,37.47320684571777,1317,572,56.57
11220640,방배3동,서초구,126.99792242924477,37.47437229367179,1450,482,66.76
11220650,방배4동,서초구,126.99097876547219,37.489832148009796,2609,1210,53.62
11240660,가락1동,송파구,127.10827269699054,37.49518803655791,1488,406,72.72
11240670,가락2동,송파구,127.13076632543235,37.495853195119665,3582,1947,45.64
11240680,문정1동,송파구,127.12690361127505,37.488442547785446,3531,1653,53.19
11240690,문정2동,송파구,127.11914070811909,37.481197003477035,2621,1170,55.36
11240710,잠실본동,송파구,127.08262036435471,37.50598808181305,2077,976,53.01
11240750,잠실4동,송파구,127.10916170298343,37.520699873377,1908,826,56.71
11240770,잠실6동,송파구,127.09946286944151,37.519772696089056,1262,442,64.98
11240780,잠실7동,송파구,127.07388407307309,37.50731818586356,1604,571,64.4
11240790,잠실2동,송파구,127.07934226571732,37.517428757288116,1347,633,53.01
11240800,잠실3동,송파구,127.0942392614433,37.51389778564078,2066,915,55.71
11250770,상일2동,강동구,127.1774741427709,37.55185604321787,536,239,55.41
11240810,장지동,송파구,127.13150468915411,37.482974104794096,3816,2096,45.07
11240820,위례동,송파구,127.14122822339583,37.48160003843359,3320,2155,35.09
11250530,명일1동,강동구,127.14594542752707,37.550349656425944,2366,1235,47.8
11250540,명일2동,강동구,127.15428068215367,37.54823562826768,1970,751,61.88
11250550,고덕1동,강동구,127.15093602997229,37.56170549965007,1601,673,57.96
11250560,고덕2동,강동구,127.16275591995515,37.56510404552236,1247,655,47.47
11250580,암사2동,강동구,127.12368637088,37.55703276580919,1020,212,79.22
11250590,암사3동,강동구,127.13863787716058,37.56118673697552,1302,551,57.68
11250610,천호1동,강동구,127.13854830524322,37.54632527098554,2632,1506,42.78
11250630,천호3동,강동구,127.13330936522522,37.53969320519596,3125,1788,42.78
11250650,성내1동,강동구,127.12554029189967,37.528691736079764,2688,1249,53.53
11250660,성내2동,강동구,127.1277052728218,37.53440212086949,3010,1628,45.91
11250670,성내3동,강동구,127.13377233119404,37.528347989334165,2737,1210,55.79
11250700,둔촌1동,강동구,127.14041863789225,37.52306511162665,1702,736,56.76
11250710,둔촌2동,강동구,127.14724355485941,37.531308530534616,1205,548,54.52
11250720,암사1동,강동구,127.1345955238993,37.551848353416226,2154,1351,37.28
11250730,천호2동,강동구,127.12200900494896,37.544992354415186,2523,1379,45.34
11250740,길동,강동구,127.14596657583338,37.539696134225714,2285,1144,49.93
11250750,강일동,강동구,127.17335593261109,37.56894155505582,1056,626,40.72
11250760,상일1동,강동구,127.16478734311207,37.55063835797332,1051,381,63.75
