"동별(1)",동별(2),동별(3),2025,2025,2025,2025,2025,2025,2025,2025,2025,2025,2025,2025,2025,2025,2025
"동별(1)",동별(2),동별(3),금융기관,금융기관,금융기관,금융기관,금융기관,금융기관,금융기관,금융기관,금융기관,금융기관,금융기관,금융기관,금융기관,금융기관,금융기관
"동별(1)",동별(2),동별(3),소계,한국은행,시중은행,시중은행,시중은행,시중은행,시중은행,시중은행,지방은행,특수은행,특수은행,특수은행,특수은행,기타,기타
"동별(1)",동별(2),동별(3),소계,소계,우리은행,SC제일은행,KB국민은행,신한은행,한국씨티은행,KEB하나은행,소계,IBK기업은행,NH농협은행,수협은행,KDB산업은행,한국수출입은행,외국은행
"합계",소계,소계,1610,2,265,70,291,251,3,244,38,185,150,58,18,2,33
"합계",종로구,소계,91,-,13,5,15,11,2,13,-,7,14,1,1,-,9
"합계",종로구,청운효자동,3,-,1,-,-,1,-,-,-,-,1,-,-,-,-
"합계",종로구,사직동,17,-,1,-,2,1,2,4,-,1,5,-,-,-,1
"합계",종로구,삼청동,2,-,-,-,-,-,-,1,-,-,1,-,-,-,-
"합계",종로구,부암동,1,-,-,-,1,-,-,-,-,-,-,-,-,-,-
"합계",종로구,평창동,2,-,1,-,-,-,-,1,-,-,-,-,-,-,-
"합계",종로구,무악동,1,-,-,-,-,-,-,-,-,1,-,-,-,-,-
"합계",종로구,교남동,1,-,-,-,1,-,-,-,-,-,-,-,-,-,-
"합계",종로구,가회동,4,-,1,-,-,2,-,1,-,-,-,-,-,-,-
"합계",종로구,종로1.2.3.4가동,39,-,4,4,8,3,-,3,-,3,5,-,1,-,8
"합계",종로구,종로5.6가동,6,-,1,-,-,1,-,2,-,1,-,1,-,-,-
"합계",종로구,이화동,5,-,-,-,2,1,-,-,-,1,1,-,-,-,-
"합계",종로구,혜화동,4,-,2,-,-,1,-,1,-,-,-,-,-,-,-
"합계",종로구,창신1동,3,-,-,1,1,1,-,-,-,-,-,-,-,-,-
"합계",종로구,창신2동,1,-,1,-,-,-,-,-,-,-,-,-,-,-,-
"합계",종로구,창신3동,-,-,-,-,-,-,-,-,-,-,-,-,-,-,-
"합계",종로구,숭인1동,-,-,-,-,-,-,-,-,-,-,-,-,-,-,-
"합계",종로구,숭인2동,2,-,1,-,-,-,-,-,-,-,1,-,-,-,-
"합계",중구,소계,149,1,23,3,15,31,-,15,7,14,13,6,1,-,20
"합계",중구,소공동,29,1,2,1,2,11,-,2,2,1,3,-,1,-,3
"합계",중구,회현동,17,-,4,1,1,1,-,2,-,2,3,-,-,-,3
"합계",중구,명동,55,-,6,-,6,9,-,5,4,5,3,3,-,-,14
"합계",중구,필동,8,-,1,-,1,4,-,1,-,-,1,-,-,-,-
"합계",중구,장충동,-,-,-,-,-,-,-,-,-,-,-,-,-,-,-
"합계",중구,광희동,13,-,3,-,2,1,-,2,1,2,1,1,-,-,-
"합계",중구,을지로동,9,-,2,1,1,2,-,1,-,1,1,-,-,-,-
"합계",중구,신당동,5,-,1,-,1,1,-,-,-,-,-,2,-,-,-
"합계",중구,다산동,3,-,1,-,1,-,-,1,-,-,-,-,-,-,-
"합계",중구,약수동,2,-,1,-,-,-,-,-,-,1,-,-,-,-,-
"합계",중구,청구동,-,-,-,-,-,-,-,-,-,-,-,-,-,-,-
"합계",중구,신당5동,3,-,-,-,-,1,-,1,-,-,1,-,-,-,-
"합계",중구,동화동,1,-,-,-,-,1,-,-,-,-,-,-,-,-,-
"합계",중구,황학동,2,-,-,-,-,-,-,-,-,2,-,-,-,-,-
"합계",중구,중림동,2,-,2,-,-,-,-,-,-,-,-,-,-,-,-
"합계",용산구,소계,51,-,8,2,9,8,-,9,-,8,6,1,-,-,-
"합계",용산구,후암동,-,-,-,-,-,-,-,-,-,-,-,-,-,-,-
"합계",용산구,용산2가동,-,-,-,-,-,-,-,-,-,-,-,-,-,-,-
"합계",용산구,남영동,5,-,1,-,1,-,-,1,-,1,1,-,-,-,-
"합계",용산구,청파동,1,-,-,-,-,1,-,-,-,-,-,-,-,-,-
"합계",용산구,원효로1동,1,-,-,-,-,-,-,-,-,-,1,-,-,-,-
"합계",용산구,원효로2동,3,-,1,-,-,1,-,-,-,1,-,-,-,-,-
"합계",용산구,효창동,-,-,-,-,-,-,-,-,-,-,-,-,-,-,-
"합계",용산구,용문동,-,-,-,-,-,-,-,-,-,-,-,-,-,-,-
"합계",용산구,한강로동,16,-,3,1,2,1,-,4,-,1,3,1,-,-,-
"합계",용산구,이촌1동,8,-,1,1,2,2,-,1,-,1,-,-,-,-,-
"합계",용산구,이촌2동,-,-,-,-,-,-,-,-,-,-,-,-,-,-,-
"합계",용산구,이태원1동,6,-,1,-,1,1,-,1,-,1,1,-,-,-,-
"합계",용산구,이태원2동,2,-,-,-,1,-,-,-,-,1,-,-,-,-,-
"합계",용산구,한남동,9,-,1,-,2,2,-,2,-,2,-,-,-,-,-
"합계",용산구,서빙고동,-,-,-,-,-,-,-,-,-,-,-,-,-,-,-
"합계",용산구,보광동,-,-,-,-,-,-,-,-,-,-,-,-,-,-,-
"합계",성동구,소계,47,-,5,4,10,6,-,6,2,7,5,1,1,-,-
"합계",성동구,왕십리2동,-,-,-,-,-,-,-,-,-,-,-,-,-,-,-
"합계",성동구,왕십리도선동,3,-,-,-,1,-,-,1,-,-,1,-,-,-,-
"합계",성동구,마장동,4,-,1,2,-,-,-,-,-,1,-,-,-,-,-
"합계",성동구,사근동,2,-,-,-,-,2,-,-,-,-,-,-,-,-,-
"합계",성동구,행당1동,5,-,1,-,1,2,-,1,-,-,-,-,-,-,-
"합계",성동구,행당2동,1,-,-,-,-,-,-,1,-,-,-,-,-,-,-
"합계",성동구,응봉동,-,-,-,-,-,-,-,-,-,-,-,-,-,-,-
"합계",성동구,금호1가동,-,-,-,-,-,-,-,-,-,-,-,-,-,-,-
"합계",성동구,금호2.3가동,1,-,-,-,-,-,-,-,-,-,1,-,-,-,-
"합계",성동구,금호4가동,3,-,1,1,1,-,-,-,-,-,-,-,-,-,-
"합계",성동구,옥수동,2,-,-,-,1,-,-,1,-,-,-,-,-,-,-
"합계",성동구,성수1가1동,3,-,1,-,1,-,-,1,-,-,-,-,-,-,-
"합계",성동구,성수1가2동,4,-,-,-,1,1,-,-,-,1,-,1,-,-,-
"합계",성동구,성수2가1동,3,-,-,-,1,-,-,-,-,1,1,-,-,-,-
"합계",성동구,성수2가3동,14,-,1,1,2,1,-,1,2,3,2,-,1,-,-
"합계",성동구,송정동,-,-,-,-,-,-,-,-,-,-,-,-,-,-,-
"합계",성동구,용답동,2,-,-,-,1,-,-,-,-,1,-,-,-,-,-
"합계",광진구,소계,37,-,7,2,11,6,-,7,-,3,1,-,-,-,-
"합계",광진구,화양동,3,-,-,-,-,2,-,1,-,-,-,-,-,-,-
"합계",광진구,군자동,2,-,1,-,1,-,-,-,-,-,-,-,-,-,-
"합계",광진구,중곡1동,1,-,-,-,-,-,-,1,-,-,-,-,-,-,-
"합계",광진구,중곡2동,4,-,-,-,2,1,-,-,-,1,-,-,-,-,-
"합계",광진구,중곡3동,-,-,-,-,-,-,-,-,-,-,-,-,-,-,-
"합계",광진구,중곡4동,2,-,1,-,-,-,-,1,-,-,-,-,-,-,-
"합계",광진구,능동,-,-,-,-,-,-,-,-,-,-,-,-,-,-,-
"합계",광진구,광장동,7,-,2,-,1,1,-,2,-,1,-,-,-,-,-
"합계",광진구,자양1동,2,-,1,-,-,1,-,-,-,-,-,-,-,-,-
"합계",광진구,자양2동,2,-,-,-,2,-,-,-,-,-,-,-,-,-,-
"합계",광진구,자양3동,5,-,-,1,2,1,-,1,-,-,-,-,-,-,-
"합계",광진구,자양4동,2,-,1,-,1,-,-,-,-,-,-,-,-,-,-
"합계",광진구,구의1동,2,-,-,-,-,-,-,1,-,-,1,-,-,-,-
"합계",광진구,구의2동,1,-,-,-,1,-,-,-,-,-,-,-,-,-,-
"합계",광진구,구의3동,4,-,1,1,1,-,-,-,-,1,-,-,-,-,-
"합계",동대문구,소계,42,-,8,3,7,4,-,8,-,6,4,2,-,-,-
"합계",동대문구,신설동,4,-,-,-,-,-,-,1,-,2,-,1,-,-,-
"합계",동대문구,용두동,4,-,-,-,1,-,-,1,-,-,2,-,-,-,-
"합계",동대문구,제기동,2,-,1,-,-,1,-,-,-,-,-,-,-,-,-
"합계",동대문구,전농1동,2,-,1,-,1,-,-,-,-,-,-,-,-,-,-
"합계",동대문구,전농2동,1,-,-,-,-,-,-,-,-,-,1,-,-,-,-
"합계",동대문구,답십리1동,4,-,1,1,-,-,-,1,-,1,-,-,-,-,-
"합계",동대문구,답십리2동,2,-,-,-,-,1,-,1,-,-,-,-,-,-,-
"합계",동대문구,장안1동,9,-,1,1,1,2,-,1,-,1,1,1,-,-,-
"합계",동대문구,장안2동,1,-,-,-,1,-,-,-,-,-,-,-,-,-,-
"합계",동대문구,청량리동,3,-,-,1,1,-,-,-,-,1,-,-,-,-,-
"합계",동대문구,회기동,5,-,1,-,1,-,-,3,-,-,-,-,-,-,-
"합계",동대문구,휘경1동,1,-,-,-,1,-,-,-,-,-,-,-,-,-,-
"합계",동대문구,휘경2동,3,-,2,-,-,-,-,-,-,1,-,-,-,-,-
"합계",동대문구,이문1동,1,-,1,-,-,-,-,-,-,-,-,-,-,-,-
"합계",동대문구,이문2동,-,-,-,-,-,-,-,-,-,-,-,-,-,-,-
"합계",중랑구,소계,24,-,5,1,5,4,-,3,-,2,2,2,-,-,-
"합계",중랑구,면목2동,-,-,-,-,-,-,-,-,-,-,-,-,-,-,-
"합계",중랑구,면목4동,-,-,-,-,-,-,-,-,-,-,-,-,-,-,-
"합계",중랑구,면목5동,1,-,-,-,-,-,-,1,-,-,-,-,-,-,-
"합계",중랑구,면목본동,2,-,-,-,-,-,-,-,-,1,1,-,-,-,-
"합계",중랑구,면목7동,2,-,1,-,1,-,-,-,-,-,-,-,-,-,-
"합계",중랑구,면목3.8동,1,-,-,-,-,1,-,-,-,-,-,-,-,-,-
"합계",중랑구,상봉1동,1,-,-,1,-,-,-,-,-,-,-,-,-,-,-
"합계",중랑구,상봉2동,3,-,1,-,-,1,-,-,-,-,-,1,-,-,-
"합계",중랑구,중화1동,1,-,-,-,-,1,-,-,-,-,-,-,-,-,-
"합계",중랑구,중화2동,2,-,-,-,1,-,-,-,-,-,1,-,-,-,-
"합계",중랑구,묵1동,2,-,1,-,-,-,-,1,-,-,-,-,-,-,-
"합계",중랑구,묵2동,3,-,-,-,1,-,-,-,-,1,-,1,-,-,-
"합계",중랑구,망우본동,3,-,1,-,1,-,-,1,-,-,-,-,-,-,-
"합계",중랑구,망우3동,-,-,-,-,-,-,-,-,-,-,-,-,-,-,-
"합계",중랑구,신내1동,1,-,-,-,1,-,-,-,-,-,-,-,-,-,-
"합계",중랑구,신내2동,2,-,1,-,-,1,-,-,-,-,-,-,-,-,-
"합계",성북구,소계,43,-,9,3,8,4,-,8,-,5,5,1,-,-,-
"합계",성북구,성북동,2,-,-,-,-,-,-,1,-,-,-,1,-,-,-
"합계",성북구,삼선동,7,-,2,1,-,-,-,2,-,1,1,-,-,-,-
"합계",성북구,동선동,3,-,-,-,1,1,-,-,-,1,-,-,-,-,-
"합계",성북구,돈암1동,-,-,-,-,-,-,-,-,-,-,-,-,-,-,-
"합계",성북구,돈암2동,1,-,1,-,-,-,-,-,-,-,-,-,-,-,-
"합계",성북구,안암동,4,-,-,-,-,-,-,3,-,1,-,-,-,-,-
"합계",성북구,보문동,2,-,-,-,1,-,-,-,-,-,1,-,-,-,-
"합계",성북구,정릉1동,-,-,-,-,-,-,-,-,-,-,-,-,-,-,-
"합계",성북구,정릉2동,1,-,-,-,-,-,-,1,-,-,-,-,-,-,-
"합계",성북구,정릉3동,1,-,1,-,-,-,-,-,-,-,-,-,-,-,-
"합계",성북구,정릉4동,3,-,-,-,1,1,-,-,-,-,1,-,-,-,-
"합계",성북구,길음1동,3,-,-,-,1,1,-,-,-,-,1,-,-,-,-
"합계",성북구,길음2동,1,-,1,-,-,-,-,-,-,-,-,-,-,-,-
"합계",성북구,종암동,2,-,-,-,1,-,-,-,-,1,-,-,-,-,-
"합계",성북구,월곡1동,3,-,1,1,-,-,-,1,-,-,-,-,-,-,-
"합계",성북구,월곡2동,3,-,1,-,1,-,-,-,-,-,1,-,-,-,-
"합계",성북구,장위1동,2,-,1,-,1,-,-,-,-,-,-,-,-,-,-
"합계",성북구,장위2동,1,-,-,-,-,-,-,-,-,1,-,-,-,-,-
"합계",성북구,장위3동,-,-,-,-,-,-,-,-,-,-,-,-,-,-,-
"합계",성북구,석관동,4,-,1,1,1,1,-,-,-,-,-,-,-,-,-
"합계",강북구,소계,20,-,2,1,4,4,-,3,-,2,3,1,-,-,-
"합계",강북구,삼양동,1,-,-,-,-,-,-,-,-,1,-,-,-,-,-
"합계",강북구,미아동,3,-,1,-,-,1,-,-,-,-,-,1,-,-,-
"합계",강북구,송중동,1,-,-,-,1,-,-,-,-,-,-,-,-,-,-
"합계",강북구,송천동,3,-,-,-,1,1,-,1,-,-,-,-,-,-,-
"합계",강북구,삼각산동,1,-,-,-,-,-,-,-,-,-,1,-,-,-,-
"합계",강북구,번1동,2,-,-,-,-,1,-,1,-,-,-,-,-,-,-
"합계",강북구,번2동,1,-,-,-,-,1,-,-,-,-,-,-,-,-,-
"합계",강북구,번3동,1,-,-,-,-,-,-,1,-,-,-,-,-,-,-
"합계",강북구,수유1동,4,-,-,1,1,-,-,-,-,1,1,-,-,-,-
"합계",강북구,수유2동,-,-,-,-,-,-,-,-,-,-,-,-,-,-,-
"합계",강북구,수유3동,3,-,1,-,1,-,-,-,-,-,1,-,-,-,-
"합계",강북구,우이동,-,-,-,-,-,-,-,-,-,-,-,-,-,-,-
"합계",강북구,인수동,-,-,-,-,-,-,-,-,-,-,-,-,-,-,-
"합계",도봉구,소계,19,-,2,-,5,3,-,3,-,1,3,2,-,-,-
"합계",도봉구,창1동,2,-,-,-,1,1,-,-,-,-,-,-,-,-,-
"합계",도봉구,창2동,-,-,-,-,-,-,-,-,-,-,-,-,-,-,-
"합계",도봉구,창3동,-,-,-,-,-,-,-,-,-,-,-,-,-,-,-
"합계",도봉구,창4동,3,-,-,-,1,-,-,-,-,-,1,1,-,-,-
"합계",도봉구,창5동,2,-,1,-,-,-,-,1,-,-,-,-,-,-,-
"합계",도봉구,도봉1동,-,-,-,-,-,-,-,-,-,-,-,-,-,-,-
"합계",도봉구,도봉2동,2,-,-,-,-,1,-,-,-,-,1,-,-,-,-
"합계",도봉구,쌍문1동,1,-,-,-,-,-,-,1,-,-,-,-,-,-,-
"합계",도봉구,쌍문2동,1,-,-,-,1,-,-,-,-,-,-,-,-,-,-
"합계",도봉구,쌍문3동,1,-,-,-,-,-,-,-,-,-,-,1,-,-,-
"합계",도봉구,쌍문4동,-,-,-,-,-,-,-,-,-,-,-,-,-,-,-
"합계",도봉구,방학1동,6,-,1,-,2,1,-,-,-,1,1,-,-,-,-
"합계",도봉구,방학2동,-,-,-,-,-,-,-,-,-,-,-,-,-,-,-
"합계",도봉구,방학3동,1,-,-,-,-,-,-,1,-,-,-,-,-,-,-
"합계",노원구,소계,46,-,8,1,10,8,-,7,-,6,4,1,1,-,-
"합계",노원구,월계1동,2,-,-,-,1,-,-,1,-,-,-,-,-,-,-
"합계",노원구,월계2동,-,-,-,-,-,-,-,-,-,-,-,-,-,-,-
"합계",노원구,월계3동,2,-,-,-,-,1,-,1,-,-,-,-,-,-,-
"합계",노원구,공릉1동,5,-,-,-,1,1,-,-,-,1,1,1,-,-,-
"합계",노원구,공릉2동,5,-,2,-,1,-,-,1,-,1,-,-,-,-,-
"합계",노원구,하계1동,2,-,-,-,-,1,-,1,-,-,-,-,-,-,-
"합계",노원구,하계2동,1,-,-,-,-,1,-,-,-,-,-,-,-,-,-
"합계",노원구,중계본동,2,-,-,-,-,1,-,-,-,1,-,-,-,-,-
"합계",노원구,중계1동,3,-,1,-,1,-,-,1,-,-,-,-,-,-,-
"합계",노원구,중계4동,3,-,1,-,1,-,-,-,-,1,-,-,-,-,-
"합계",노원구,중계2.3동,2,-,1,-,1,-,-,-,-,-,-,-,-,-,-
"합계",노원구,상계1동,2,-,-,-,1,1,-,-,-,-,-,-,-,-,-
"합계",노원구,상계2동,1,-,-,-,-,-,-,-,-,1,-,-,-,-,-
"합계",노원구,상계3.4동,-,-,-,-,-,-,-,-,-,-,-,-,-,-,-
"합계",노원구,상계5동,1,-,-,-,-,-,-,-,-,-,1,-,-,-,-
"합계",노원구,상계6.7동,8,-,2,-,2,1,-,1,-,-,1,-,1,-,-
"합계",노원구,상계8동,3,-,1,-,-,-,-,-,-,1,1,-,-,-,-
"합계",노원구,상계9동,4,-,-,1,1,1,-,1,-,-,-,-,-,-,-
"합계",노원구,상계10동,-,-,-,-,-,-,-,-,-,-,-,-,-,-,-
"합계",은평구,소계,35,-,7,2,7,6,-,4,-,3,4,2,-,-,-
"합계",은평구,녹번동,3,-,-,1,-,1,-,-,-,-,-,1,-,-,-
"합계",은평구,불광1동,3,-,-,-,1,1,-,-,-,-,1,-,-,-,-
"합계",은평구,불광2동,2,-,-,-,-,-,-,1,-,-,1,-,-,-,-
"합계",은평구,갈현1동,1,-,-,-,1,-,-,-,-,-,-,-,-,-,-
"합계",은평구,갈현2동,1,-,-,-,1,-,-,-,-,-,-,-,-,-,-
"합계",은평구,구산동,-,-,-,-,-,-,-,-,-,-,-,-,-,-,-
"합계",은평구,대조동,5,-,2,1,-,1,-,-,-,1,-,-,-,-,-
"합계",은평구,응암1동,5,-,1,-,1,1,-,-,-,1,1,-,-,-,-
"합계",은평구,응암2동,1,-,-,-,-,-,-,1,-,-,-,-,-,-,-
"합계",은평구,응암3동,2,-,1,-,1,-,-,-,-,-,-,-,-,-,-
"합계",은평구,역촌동,3,-,1,-,-,1,-,1,-,-,-,-,-,-,-
"합계",은평구,신사1동,-,-,-,-,-,-,-,-,-,-,-,-,-,-,-
"합계",은평구,신사2동,-,-,-,-,-,-,-,-,-,-,-,-,-,-,-
"합계",은평구,증산동,1,-,-,-,-,-,-,-,-,-,-,1,-,-,-
"합계",은평구,수색동,2,-,-,-,1,-,-,-,-,1,-,-,-,-,-
"합계",은평구,진관동,6,-,2,-,1,1,-,1,-,-,1,-,-,-,-
"합계",서대문구,소계,40,-,9,2,8,5,-,7,-,4,4,-,-,-,1
"합계",서대문구,천연동,-,-,-,-,-,-,-,-,-,-,-,-,-,-,-
"합계",서대문구,북아현동,3,-,1,-,1,-,-,-,-,1,-,-,-,-,-
"합계",서대문구,충현동,9,-,2,-,2,2,-,1,-,-,1,-,-,-,1
"합계",서대문구,신촌동,7,-,2,-,1,1,-,-,-,1,2,-,-,-,-
"합계",서대문구,연희동,6,-,2,1,1,-,-,1,-,1,-,-,-,-,-
"합계",서대문구,홍제1동,1,-,-,-,-,1,-,-,-,-,-,-,-,-,-
"합계",서대문구,홍제3동,3,-,1,-,1,-,-,1,-,-,-,-,-,-,-
"합계",서대문구,홍제2동,-,-,-,-,-,-,-,-,-,-,-,-,-,-,-
"합계",서대문구,홍은1동,-,-,-,-,-,-,-,-,-,-,-,-,-,-,-
"합계",서대문구,홍은2동,1,-,-,-,-,-,-,1,-,-,-,-,-,-,-
"합계",서대문구,남가좌1동,3,-,-,-,1,-,-,1,-,-,1,-,-,-,-
"합계",서대문구,남가좌2동,3,-,-,1,1,-,-,1,-,-,-,-,-,-,-
"합계",서대문구,북가좌1동,1,-,-,-,-,1,-,-,-,-,-,-,-,-,-
"합계",서대문구,북가좌2동,3,-,1,-,-,-,-,1,-,1,-,-,-,-,-
"합계",마포구,소계,65,-,10,3,7,13,-,13,2,8,4,4,1,-,-
"합계",마포구,아현동,5,-,1,-,-,1,-,1,-,1,1,-,-,-,-
"합계",마포구,공덕동,8,-,1,-,-,3,-,2,-,1,-,1,-,-,-
"합계",마포구,도화동,4,-,-,1,1,1,-,1,-,-,-,-,-,-,-
"합계",마포구,용강동,6,-,1,-,1,-,-,1,-,1,1,1,-,-,-
"합계",마포구,대흥동,4,-,2,-,-,1,-,1,-,-,-,-,-,-,-
"합계",마포구,염리동,-,-,-,-,-,-,-,-,-,-,-,-,-,-,-
"합계",마포구,신수동,1,-,-,-,1,-,-,-,-,-,-,-,-,-,-
"합계",마포구,서강동,2,-,-,-,-,1,-,-,-,1,-,-,-,-,-
"합계",마포구,서교동,18,-,2,1,2,3,-,3,2,1,2,1,1,-,-
"합계",마포구,합정동,3,-,1,1,-,1,-,-,-,-,-,-,-,-,-
"합계",마포구,망원1동,2,-,-,-,-,-,-,1,-,1,-,-,-,-,-
"합계",마포구,망원2동,-,-,-,-,-,-,-,-,-,-,-,-,-,-,-
"합계",마포구,연남동,1,-,-,-,-,-,-,-,-,-,-,1,-,-,-
"합계",마포구,성산1동,2,-,-,-,1,-,-,1,-,-,-,-,-,-,-
"합계",마포구,성산2동,1,-,1,-,-,-,-,-,-,-,-,-,-,-,-
"합계",마포구,상암동,8,-,1,-,1,2,-,2,-,2,-,-,-,-,-
"합계",양천구,소계,48,-,5,4,10,8,-,9,-,6,5,1,-,-,-
"합계",양천구,목1동,9,-,1,-,1,3,-,2,-,1,1,-,-,-,-
"합계",양천구,목2동,1,-,-,-,-,-,-,1,-,-,-,-,-,-,-
"합계",양천구,목3동,3,-,-,1,1,-,-,-,-,1,-,-,-,-,-
"합계",양천구,목4동,1,-,-,-,-,-,-,-,-,-,1,-,-,-,-
"합계",양천구,목5동,9,-,1,1,2,2,-,2,-,1,-,-,-,-,-
"합계",양천구,신월1동,3,-,-,-,1,-,-,1,-,-,1,-,-,-,-
"합계",양천구,신월2동,1,-,1,-,-,-,-,-,-,-,-,-,-,-,-
"합계",양천구,신월3동,-,-,-,-,-,-,-,-,-,-,-,-,-,-,-
"합계",양천구,신월4동,1,-,-,-,-,1,-,-,-,-,-,-,-,-,-
"합계",양천구,신월5동,-,-,-,-,-,-,-,-,-,-,-,-,-,-,-
"합계",양천구,신월6동,2,-,-,-,1,-,-,-,-,-,1,-,-,-,-
"합계",양천구,신월7동,-,-,-,-,-,-,-,-,-,-,-,-,-,-,-
"합계",양천구,신정1동,3,-,-,1,-,1,-,1,-,-,-,-,-,-,-
"합계",양천구,신정2동,1,-,-,-,-,-,-,1,-,-,-,-,-,-,-
"합계",양천구,신정3동,2,-,-,-,1,-,-,-,-,1,-,-,-,-,-
"합계",양천구,신정4동,6,-,1,1,1,-,-,-,-,1,1,1,-,-,-
"합계",양천구,신정6동,4,-,1,-,1,1,-,-,-,1,-,-,-,-,-
"합계",양천구,신정7동,2,-,-,-,1,-,-,1,-,-,-,-,-,-,-
"합계",강서구,소계,61,-,12,2,10,12,-,4,4,7,6,3,1,-,-
"합계",강서구,염창동,1,-,1,-,-,-,-,-,-,-,-,-,-,-,-
"합계",강서구,등촌1동,6,-,-,-,2,1,-,-,-,2,1,-,-,-,-
"합계",강서구,등촌2동,1,-,-,-,-,1,-,-,-,-,-,-,-,-,-
"합계",강서구,등촌3동,3,-,1,-,-,-,-,-,-,1,1,-,-,-,-
"합계",강서구,화곡1동,2,-,1,-,-,-,-,-,1,-,-,-,-,-,-
"합계",강서구,화곡2동,-,-,-,-,-,-,-,-,-,-,-,-,-,-,-
"합계",강서구,화곡3동,4,-,1,-,1,1,-,1,-,-,-,-,-,-,-
"합계",강서구,화곡4동,1,-,-,-,-,-,-,-,-,1,-,-,-,-,-
"합계",강서구,화곡본동,-,-,-,-,-,-,-,-,-,-,-,-,-,-,-
"합계",강서구,화곡6동,4,-,2,-,1,-,-,1,-,-,-,-,-,-,-
"합계",강서구,화곡8동,1,-,-,-,1,-,-,-,-,-,-,-,-,-,-
"합계",강서구,가양1동,11,-,1,-,2,2,-,1,2,1,2,-,-,-,-
"합계",강서구,가양2동,2,-,1,-,-,-,-,-,-,-,1,-,-,-,-
"합계",강서구,가양3동,-,-,-,-,-,-,-,-,-,-,-,-,-,-,-
"합계",강서구,발산1동,10,-,1,2,1,2,-,-,1,-,-,2,1,-,-
"합계",강서구,우장산동,3,-,-,-,1,-,-,-,-,1,-,1,-,-,-
"합계",강서구,공항동,6,-,2,-,-,3,-,-,-,-,1,-,-,-,-
"합계",강서구,방화1동,3,-,-,-,1,-,-,1,-,1,-,-,-,-,-
"합계",강서구,방화2동,2,-,1,-,-,1,-,-,-,-,-,-,-,-,-
"합계",강서구,방화3동,1,-,-,-,-,1,-,-,-,-,-,-,-,-,-
"합계",구로구,소계,49,-,7,1,10,6,-,8,1,13,2,-,1,-,-
"합계",구로구,신도림동,2,-,1,-,1,-,-,-,-,-,-,-,-,-,-
"합계",구로구,구로1동,-,-,-,-,-,-,-,-,-,-,-,-,-,-,-
"합계",구로구,구로2동,10,-,2,-,1,3,-,2,-,2,-,-,-,-,-
"합계",구로구,구로3동,17,-,2,1,3,1,-,2,1,5,1,-,1,-,-
"합계",구로구,구로4동,3,-,-,-,-,-,-,-,-,2,1,-,-,-,-
"합계",구로구,구로5동,2,-,-,-,1,-,-,1,-,-,-,-,-,-,-
"합계",구로구,가리봉동,-,-,-,-,-,-,-,-,-,-,-,-,-,-,-
"합계",구로구,고척1동,4,-,-,-,2,-,-,1,-,1,-,-,-,-,-
"합계",구로구,고척2동,-,-,-,-,-,-,-,-,-,-,-,-,-,-,-
"합계",구로구,개봉1동,2,-,1,-,-,1,-,-,-,-,-,-,-,-,-
"합계",구로구,개봉2동,2,-,-,-,-,-,-,1,-,1,-,-,-,-,-
"합계",구로구,개봉3동,1,-,-,-,1,-,-,-,-,-,-,-,-,-,-
"합계",구로구,오류1동,4,-,-,-,1,1,-,1,-,1,-,-,-,-,-
"합계",구로구,오류2동,1,-,1,-,-,-,-,-,-,-,-,-,-,-,-
"합계",구로구,수궁동,1,-,-,-,-,-,-,-,-,1,-,-,-,-,-
"합계",구로구,항동,-,-,-,-,-,-,-,-,-,-,-,-,-,-,-
"합계",금천구,소계,45,-,6,1,8,5,-,4,2,13,3,2,1,-,-
"합계",금천구,가산동,24,-,3,-,5,2,-,1,2,8,1,1,1,-,-
"합계",금천구,독산1동,7,-,1,-,1,-,-,1,-,2,1,1,-,-,-
"합계",금천구,독산2동,-,-,-,-,-,-,-,-,-,-,-,-,-,-,-
"합계",금천구,독산3동,3,-,-,-,1,2,-,-,-,-,-,-,-,-,-
"합계",금천구,독산4동,1,-,-,1,-,-,-,-,-,-,-,-,-,-,-
"합계",금천구,시흥1동,7,-,2,-,1,1,-,1,-,1,1,-,-,-,-
"합계",금천구,시흥2동,-,-,-,-,-,-,-,-,-,-,-,-,-,-,-
"합계",금천구,시흥3동,2,-,-,-,-,-,-,-,-,2,-,-,-,-,-
"합계",금천구,시흥4동,1,-,-,-,-,-,-,1,-,-,-,-,-,-,-
"합계",금천구,시흥5동,-,-,-,-,-,-,-,-,-,-,-,-,-,-,-
"합계",영등포구,소계,102,-,17,2,15,15,-,13,6,14,10,5,2,1,2
"합계",영등포구,영등포본동,-,-,-,-,-,-,-,-,-,-,-,-,-,-,-
"합계",영등포구,영등포동,12,-,3,1,2,1,-,1,-,2,1,1,-,-,-
"합계",영등포구,여의동,57,-,7,1,6,10,-,8,6,5,7,2,2,1,2
"합계",영등포구,당산1동,4,-,1,-,1,1,-,-,-,-,1,-,-,-,-
"합계",영등포구,당산2동,2,-,-,-,-,-,-,1,-,-,-,1,-,-,-
"합계",영등포구,도림동,-,-,-,-,-,-,-,-,-,-,-,-,-,-,-
"합계",영등포구,문래동,7,-,1,-,1,1,-,1,-,3,-,-,-,-,-
"합계",영등포구,양평1동,3,-,1,-,1,-,-,-,-,1,-,-,-,-,-
"합계",영등포구,양평2동,4,-,1,-,1,1,-,-,-,1,-,-,-,-,-
"합계",영등포구,신길1동,1,-,-,-,-,-,-,-,-,1,-,-,-,-,-
"합계",영등포구,신길3동,3,-,1,-,1,-,-,-,-,-,1,-,-,-,-
"합계",영등포구,신길4동,1,-,-,-,-,-,-,1,-,-,-,-,-,-,-
"합계",영등포구,신길5동,-,-,-,-,-,-,-,-,-,-,-,-,-,-,-
"합계",영등포구,신길6동,-,-,-,-,-,-,-,-,-,-,-,-,-,-,-
"합계",영등포구,신길7동,1,-,-,-,1,-,-,-,-,-,-,-,-,-,-
"합계",영등포구,대림1동,2,-,1,-,1,-,-,-,-,-,-,-,-,-,-
"합계",영등포구,대림2동,1,-,-,-,-,1,-,-,-,-,-,-,-,-,-
"합계",영등포구,대림3동,4,-,1,-,-,-,-,1,-,1,-,1,-,-,-
"합계",동작구,소계,36,-,9,2,7,5,-,5,-,3,3,2,-,-,-
"합계",동작구,노량진1동,2,-,-,-,-,-,-,1,-,1,-,-,-,-,-
"합계",동작구,노량진2동,3,-,1,-,1,-,-,-,-,-,-,1,-,-,-
"합계",동작구,상도1동,3,-,2,-,-,-,-,1,-,-,-,-,-,-,-
"합계",동작구,상도2동,4,-,1,-,2,1,-,-,-,-,-,-,-,-,-
"합계",동작구,상도3동,1,-,-,1,-,-,-,-,-,-,-,-,-,-,-
"합계",동작구,상도4동,1,-,-,-,-,-,-,-,-,-,1,-,-,-,-
"합계",동작구,흑석동,5,-,2,-,1,-,-,1,-,-,1,-,-,-,-
"합계",동작구,사당1동,5,-,-,1,1,1,-,-,-,1,-,1,-,-,-
"합계",동작구,사당2동,1,-,-,-,-,-,-,1,-,-,-,-,-,-,-
"합계",동작구,사당3동,-,-,-,-,-,-,-,-,-,-,-,-,-,-,-
"합계",동작구,사당4동,1,-,-,-,1,-,-,-,-,-,-,-,-,-,-
"합계",동작구,사당5동,-,-,-,-,-,-,-,-,-,-,-,-,-,-,-
"합계",동작구,대방동,3,-,1,-,1,1,-,-,-,-,-,-,-,-,-
"합계",동작구,신대방1동,1,-,1,-,-,-,-,-,-,-,-,-,-,-,-
"합계",동작구,신대방2동,6,-,1,-,-,2,-,1,-,1,1,-,-,-,-
"합계",관악구,소계,31,-,8,1,8,5,-,3,-,3,2,1,-,-,-
"합계",관악구,보라매동,2,-,1,-,1,-,-,-,-,-,-,-,-,-,-
"합계",관악구,청림동,-,-,-,-,-,-,-,-,-,-,-,-,-,-,-
"합계",관악구,성현동,-,-,-,-,-,-,-,-,-,-,-,-,-,-,-
"합계",관악구,행운동,1,-,-,-,1,-,-,-,-,-,-,-,-,-,-
"합계",관악구,낙성대동,1,-,-,-,-,-,-,1,-,-,-,-,-,-,-
"합계",관악구,청룡동,6,-,2,-,1,1,-,-,-,1,-,1,-,-,-
"합계",관악구,은천동,-,-,-,-,-,-,-,-,-,-,-,-,-,-,-
"합계",관악구,중앙동,2,-,-,1,-,-,-,-,-,-,1,-,-,-,-
"합계",관악구,인헌동,3,-,1,-,1,-,-,1,-,-,-,-,-,-,-
"합계",관악구,남현동,1,-,1,-,-,-,-,-,-,-,-,-,-,-,-
"합계",관악구,서원동,1,-,-,-,1,-,-,-,-,-,-,-,-,-,-
"합계",관악구,신원동,1,-,-,-,-,1,-,-,-,-,-,-,-,-,-
"합계",관악구,서림동,-,-,-,-,-,-,-,-,-,-,-,-,-,-,-
"합계",관악구,신사동,1,-,-,-,-,-,-,-,-,1,-,-,-,-,-
"합계",관악구,신림동,2,-,1,-,-,-,-,1,-,-,-,-,-,-,-
"합계",관악구,난향동,-,-,-,-,-,-,-,-,-,-,-,-,-,-,-
"합계",관악구,조원동,-,-,-,-,-,-,-,-,-,-,-,-,-,-,-
"합계",관악구,대학동,7,-,2,-,2,2,-,-,-,-,1,-,-,-,-
"합계",관악구,삼성동,-,-,-,-,-,-,-,-,-,-,-,-,-,-,-
"합계",관악구,미성동,2,-,-,-,1,-,-,-,-,1,-,-,-,-,-
"합계",관악구,난곡동,1,-,-,-,-,1,-,-,-,-,-,-,-,-,-
"합계",서초구,소계,139,-,23,5,24,25,-,25,5,14,10,4,3,1,-
"합계",서초구,서초1동,7,-,1,-,-,1,-,2,-,1,1,-,-,1,-
"합계",서초구,서초2동,21,-,3,1,3,3,-,3,3,1,1,2,1,-,-
"합계",서초구,서초3동,28,-,4,1,4,9,-,4,1,3,2,-,-,-,-
"합계",서초구,서초4동,13,-,4,-,4,1,-,2,-,1,-,1,-,-,-
"합계",서초구,잠원동,9,-,1,1,2,1,-,2,1,-,-,-,1,-,-
"합계",서초구,반포본동,-,-,-,-,-,-,-,-,-,-,-,-,-,-,-
"합계",서초구,반포1동,4,-,-,-,-,1,-,-,-,2,1,-,-,-,-
"합계",서초구,반포2동,7,-,-,1,1,1,-,2,-,1,-,-,1,-,-
"합계",서초구,반포3동,5,-,2,-,1,1,-,1,-,-,-,-,-,-,-
"합계",서초구,반포4동,7,-,1,-,2,2,-,2,-,-,-,-,-,-,-
"합계",서초구,방배본동,5,-,1,1,1,-,-,1,-,1,-,-,-,-,-
"합계",서초구,방배1동,3,-,-,-,1,1,-,1,-,-,-,-,-,-,-
"합계",서초구,방배2동,2,-,1,-,-,1,-,-,-,-,-,-,-,-,-
"합계",서초구,방배3동,3,-,1,-,1,-,-,-,-,1,-,-,-,-,-
"합계",서초구,방배4동,7,-,1,-,2,-,-,1,-,1,2,-,-,-,-
"합계",서초구,양재1동,8,-,2,-,1,1,-,2,-,1,-,1,-,-,-
"합계",서초구,양재2동,10,-,1,-,1,2,-,2,-,1,3,-,-,-,-
"합계",서초구,내곡동,-,-,-,-,-,-,-,-,-,-,-,-,-,-,-
"합계",강남구,소계,240,1,34,11,50,36,1,39,6,25,23,9,4,-,1
"합계",강남구,신사동,10,-,1,-,3,2,-,1,-,1,1,1,-,-,-
"합계",강남구,논현1동,13,-,1,-,3,1,-,2,-,3,2,1,-,-,-
"합계",강남구,논현2동,10,-,2,-,4,1,-,1,-,1,-,1,-,-,-
"합계",강남구,압구정동,20,-,2,2,5,4,-,3,-,2,1,-,1,-,-
"합계",강남구,청담동,18,-,5,-,4,1,-,4,-,2,2,-,-,-,-
"합계",강남구,삼성1동,22,-,3,2,2,3,-,7,1,2,2,-,-,-,-
"합계",강남구,삼성2동,8,-,-,-,1,3,-,2,1,1,-,-,-,-,-
"합계",강남구,대치1동,8,-,1,1,1,1,-,1,-,1,1,-,1,-,-
"합계",강남구,대치2동,19,-,2,-,4,4,1,4,1,-,2,-,1,-,-
"합계",강남구,대치4동,11,-,2,-,1,3,-,-,-,2,1,1,-,-,1
"합계",강남구,역삼1동,44,-,5,2,11,6,-,5,1,5,5,4,-,-,-
"합계",강남구,역삼2동,13,1,3,2,1,1,-,1,2,2,-,-,-,-,-
"합계",강남구,도곡1동,7,-,1,-,1,1,-,1,-,1,2,-,-,-,-
"합계",강남구,도곡2동,17,-,2,2,4,2,-,3,-,2,1,-,1,-,-
"합계",강남구,개포1동,1,-,-,-,-,1,-,-,-,-,-,-,-,-,-
"합계",강남구,개포2동,3,-,1,-,2,-,-,-,-,-,-,-,-,-,-
"합계",강남구,개포3동,3,-,1,-,1,-,-,1,-,-,-,-,-,-,-
"합계",강남구,개포4동,4,-,1,-,1,-,-,1,-,-,1,-,-,-,-
"합계",강남구,세곡동,1,-,-,-,-,-,-,-,-,-,1,-,-,-,-
"합계",강남구,일원본동,4,-,-,-,-,2,-,1,-,-,-,1,-,-,-
"합계",강남구,일원1동,1,-,-,-,-,-,-,-,-,-,1,-,-,-,-
"합계",강남구,수서동,3,-,1,-,1,-,-,1,-,-,-,-,-,-,-
"합계",송파구,소계,102,-,17,7,18,15,-,20,2,7,10,5,1,-,-
"합계",송파구,풍납1동,-,-,-,-,-,-,-,-,-,-,-,-,-,-,-
"합계",송파구,풍납2동,4,-,1,-,-,-,-,3,-,-,-,-,-,-,-
"합계",송파구,거여1동,-,-,-,-,-,-,-,-,-,-,-,-,-,-,-
"합계",송파구,거여2동,3,-,1,-,-,-,-,1,-,-,1,-,-,-,-
"합계",송파구,마천1동,1,-,-,1,-,-,-,-,-,-,-,-,-,-,-
"합계",송파구,마천2동,-,-,-,-,-,-,-,-,-,-,-,-,-,-,-
"합계",송파구,방이1동,2,-,-,1,1,-,-,-,-,-,-,-,-,-,-
"합계",송파구,방이2동,4,-,1,-,1,-,-,1,-,1,-,-,-,-,-
"합계",송파구,오륜동,4,-,1,-,-,1,-,2,-,-,-,-,-,-,-
"합계",송파구,오금동,5,-,-,-,1,1,-,1,-,1,-,1,-,-,-
"합계",송파구,송파1동,4,-,-,1,1,-,-,-,-,1,1,-,-,-,-
"합계",송파구,송파2동,1,-,-,-,-,-,-,1,-,-,-,-,-,-,-
"합계",송파구,석촌동,4,-,1,-,-,-,-,1,-,1,-,1,-,-,-
"합계",송파구,삼전동,1,-,-,-,1,-,-,-,-,-,-,-,-,-,-
"합계",송파구,가락본동,8,-,1,1,1,1,-,1,-,1,2,-,-,-,-
"합계",송파구,가락1동,8,-,1,-,1,1,-,1,-,-,2,2,-,-,-
"합계",송파구,가락2동,3,-,-,-,1,1,-,1,-,-,-,-,-,-,-
"합계",송파구,문정1동,-,-,-,-,-,-,-,-,-,-,-,-,-,-,-
"합계",송파구,문정2동,11,-,2,1,2,3,-,2,-,1,-,-,-,-,-
"합계",송파구,장지동,2,-,-,-,1,-,-,-,-,-,1,-,-,-,-
"합계",송파구,위례동,1,-,-,-,1,-,-,-,-,-,-,-,-,-,-
"합계",송파구,잠실본동,8,-,2,-,2,1,-,1,1,-,1,-,-,-,-
"합계",송파구,잠실2동,3,-,-,-,-,-,-,-,1,1,1,-,-,-,-
"합계",송파구,잠실3동,6,-,1,-,2,2,-,1,-,-,-,-,-,-,-
"합계",송파구,잠실4동,4,-,2,-,1,1,-,-,-,-,-,-,-,-,-
"합계",송파구,잠실6동,13,-,3,1,1,3,-,2,-,-,1,1,1,-,-
"합계",송파구,잠실7동,2,-,-,1,-,-,-,1,-,-,-,-,-,-,-
"합계",강동구,소계,48,-,11,2,10,6,-,8,1,4,4,2,-,-,-
"합계",강동구,강일동,-,-,-,-,-,-,-,-,-,-,-,-,-,-,-
"합계",강동구,상일1동,2,-,1,-,-,-,-,1,-,-,-,-,-,-,-
"합계",강동구,상일2동,1,-,1,-,-,-,-,-,-,-,-,-,-,-,-
"합계",강동구,명일1동,4,-,1,-,1,1,-,1,-,-,-,-,-,-,-
"합계",강동구,명일2동,5,-,1,1,1,-,-,1,-,-,1,-,-,-,-
"합계",강동구,고덕1동,-,-,-,-,-,-,-,-,-,-,-,-,-,-,-
"합계",강동구,고덕2동,4,-,-,-,1,1,-,1,1,-,-,-,-,-,-
"합계",강동구,암사1동,1,-,-,-,-,-,-,-,-,-,-,1,-,-,-
"합계",강동구,암사2동,2,-,1,-,1,-,-,-,-,-,-,-,-,-,-
"합계",강동구,암사3동,-,-,-,-,-,-,-,-,-,-,-,-,-,-,-
"합계",강동구,천호1동,1,-,-,-,1,-,-,-,-,-,-,-,-,-,-
"합계",강동구,천호2동,3,-,-,-,-,1,-,1,-,-,1,-,-,-,-
"합계",강동구,천호3동,3,-,1,-,-,-,-,1,-,1,-,-,-,-,-
"합계",강동구,성내1동,5,-,1,-,1,1,-,-,-,1,1,-,-,-,-
"합계",강동구,성내2동,2,-,-,1,1,-,-,-,-,-,-,-,-,-,-
"합계",강동구,성내3동,4,-,1,-,-,1,-,1,-,1,-,-,-,-,-
"합계",강동구,길동,7,-,2,-,1,1,-,-,-,1,1,1,-,-,-
"합계",강동구,둔촌1동,2,-,-,-,1,-,-,1,-,-,-,-,-,-,-
"합계",강동구,둔촌2동,2,-,1,-,1,-,-,-,-,-,-,-,-,-,-
