"동별(1)",동별(2),동별(3),2013,2013,2013,2013,2013,2013,2013,2013,2013,2013,2013,2013,2013,2013,2013,2013
"동별(1)",동별(2),동별(3),금융기관,금융기관,금융기관,금융기관,금융기관,금융기관,금융기관,금융기관,금융기관,금융기관,금융기관,금융기관,금융기관,금융기관,금융기관,금융기관
"동별(1)",동별(2),동별(3),소계,한국은행,시중은행,시중은행,시중은행,시중은행,시중은행,시중은행,시중은행,지방은행,특수은행,특수은행,특수은행,특수은행,기타,기타
"동별(1)",동별(2),동별(3),소계,소계,우리은행,SC제일은행,KB국민은행,한국외한은행,신한은행,한국씨티은행,KEB하나은행,소계,IBK기업은행,NH농협은행,수협은행,KDB산업은행,한국수출입은행,외국은행
"합계",소계,소계,2613,2,470,164,443,153,396,86,311,31,223,202,57,30,2,43
"합계",종로구,소계,142,-,25,10,23,12,19,3,12,-,9,15,1,2,-,11
"합계",종로구,청운효자동,3,-,1,-,1,-,1,-,-,-,-,-,-,-,-,-
"합계",종로구,사직동,24,-,2,1,2,3,2,2,2,-,1,4,-,1,-,4
"합계",종로구,삼청동,5,-,2,-,-,-,-,-,1,-,-,2,-,-,-,-
"합계",종로구,부암동,2,-,1,-,1,-,-,-,-,-,-,-,-,-,-,-
"합계",종로구,평창동,5,-,1,-,1,1,1,-,1,-,-,-,-,-,-,-
"합계",종로구,무악동,1,-,-,-,-,-,-,-,-,-,1,-,-,-,-,-
"합계",종로구,교남동,2,-,1,-,1,-,-,-,-,-,-,-,-,-,-,-
"합계",종로구,가회동,4,-,-,-,-,1,3,-,-,-,-,-,-,-,-,-
"합계",종로구,종로1.2.3.4가동,59,-,9,7,11,4,5,1,4,-,4,6,-,1,-,7
"합계",종로구,종로5.6가동,12,-,3,-,2,2,2,-,1,-,1,-,1,-,-,-
"합계",종로구,이화동,6,-,-,-,1,-,2,-,-,-,1,2,-,-,-,-
"합계",종로구,혜화동,6,-,2,-,2,-,1,-,1,-,-,-,-,-,-,-
"합계",종로구,창신1동,5,-,1,1,1,-,1,-,-,-,1,-,-,-,-,-
"합계",종로구,창신2동,2,-,1,1,-,-,-,-,-,-,-,-,-,-,-,-
"합계",종로구,숭인1동,1,-,-,-,-,-,-,-,1,-,-,-,-,-,-,-
"합계",종로구,숭인2동,5,-,1,-,-,1,1,-,1,-,-,1,-,-,-,-
"합계",중구,소계,229,1,39,11,29,13,39,5,20,7,18,15,5,2,-,25
"합계",중구,소공동,46,1,3,4,5,4,12,-,3,1,1,4,-,1,-,7
"합계",중구,회현동,26,-,8,1,4,2,2,-,2,-,2,3,-,-,-,2
"합계",중구,명동,86,-,9,3,9,5,12,5,8,6,7,3,2,1,-,16
"합계",중구,필동,7,-,2,1,-,-,2,-,1,-,-,1,-,-,-,-
"합계",중구,장충동,6,-,2,-,1,-,2,-,1,-,-,-,-,-,-,-
"합계",중구,광희동,18,-,5,1,3,1,1,-,2,-,3,1,1,-,-,-
"합계",중구,을지로동,13,-,3,1,2,-,3,-,1,-,1,2,-,-,-,-
"합계",중구,신당동,7,-,1,-,2,-,2,-,-,-,-,-,2,-,-,-
"합계",중구,다산동,4,-,1,-,2,1,-,-,-,-,-,-,-,-,-,-
"합계",중구,약수동,3,-,1,-,-,-,1,-,-,-,1,-,-,-,-,-
"합계",중구,청구동,1,-,-,-,-,-,-,-,1,-,-,-,-,-,-,-
"합계",중구,신당5동,3,-,1,-,-,-,-,-,1,-,-,1,-,-,-,-
"합계",중구,동화동,2,-,-,-,-,-,1,-,-,-,1,-,-,-,-,-
"합계",중구,황학동,5,-,1,-,1,-,1,-,-,-,2,-,-,-,-,-
"합계",중구,중림동,2,-,2,-,-,-,-,-,-,-,-,-,-,-,-,-
"합계",용산구,소계,96,-,18,7,13,5,12,4,14,-,11,11,-,1,-,-
"합계",용산구,후암동,2,-,1,1,-,-,-,-,-,-,-,-,-,-,-,-
"합계",용산구,용산2가동,1,-,-,-,-,-,-,-,-,-,-,1,-,-,-,-
"합계",용산구,남영동,10,-,2,2,1,1,-,-,1,-,2,1,-,-,-,-
"합계",용산구,청파동,4,-,1,-,1,-,1,-,1,-,-,-,-,-,-,-
"합계",용산구,원효로1동,3,-,1,-,-,-,1,-,-,-,-,1,-,-,-,-
"합계",용산구,원효로2동,5,-,1,1,1,-,1,-,-,-,1,-,-,-,-,-
"합계",용산구,효창동,1,-,-,-,1,-,-,-,-,-,-,-,-,-,-,-
"합계",용산구,한강로동,23,-,6,1,3,-,3,1,5,-,1,3,-,-,-,-
"합계",용산구,이촌1동,17,-,1,1,3,1,3,2,3,-,1,1,-,1,-,-
"합계",용산구,이태원1동,8,-,1,1,1,2,1,-,-,-,2,-,-,-,-,-
"합계",용산구,이태원2동,5,-,1,-,1,-,1,-,-,-,1,1,-,-,-,-
"합계",용산구,한남동,12,-,2,-,1,1,1,1,3,-,2,1,-,-,-,-
"합계",용산구,서빙고동,3,-,1,-,-,-,-,-,1,-,-,1,-,-,-,-
"합계",용산구,보광동,2,-,-,-,-,-,-,-,-,-,1,1,-,-,-,-
"합계",성동구,소계,63,-,12,6,12,2,9,3,7,-,6,5,-,1,-,-
"합계",성동구,왕십리2동,1,-,-,-,1,-,-,-,-,-,-,-,-,-,-,-
"합계",성동구,왕십리도선동,4,-,-,1,-,1,1,-,1,-,-,-,-,-,-,-
"합계",성동구,마장동,5,-,1,2,1,-,-,-,-,-,1,-,-,-,-,-
"합계",성동구,사근동,4,-,-,-,1,-,2,-,1,-,-,-,-,-,-,-
"합계",성동구,행당1동,6,-,2,-,2,-,-,-,1,-,-,1,-,-,-,-
"합계",성동구,행당2동,3,-,-,-,-,-,1,1,1,-,-,-,-,-,-,-
"합계",성동구,응봉동,1,-,1,-,-,-,-,-,-,-,-,-,-,-,-,-
"합계",성동구,금호1가동,1,-,-,-,-,-,1,-,-,-,-,-,-,-,-,-
"합계",성동구,금호2.3가동,3,-,1,-,-,-,1,-,-,-,-,1,-,-,-,-
"합계",성동구,금호4가동,4,-,1,1,1,-,-,-,-,-,-,1,-,-,-,-
"합계",성동구,옥수동,3,-,-,-,1,-,-,1,1,-,-,-,-,-,-,-
"합계",성동구,성수1가1동,3,-,2,-,-,-,-,-,1,-,-,-,-,-,-,-
"합계",성동구,성수1가2동,4,-,1,-,1,-,1,-,-,-,1,-,-,-,-,-
"합계",성동구,성수2가1동,3,-,-,-,1,-,-,-,-,-,1,1,-,-,-,-
"합계",성동구,성수2가3동,15,-,2,2,2,1,2,1,1,-,2,1,-,1,-,-
"합계",성동구,용답동,3,-,1,-,1,-,-,-,-,-,1,-,-,-,-,-
"합계",광진구,소계,68,-,12,5,15,6,11,2,8,-,5,2,1,-,-,1
"합계",광진구,화양동,10,-,-,-,2,2,2,-,1,-,1,1,1,-,-,-
"합계",광진구,군자동,4,-,2,-,1,1,-,-,-,-,-,-,-,-,-,-
"합계",광진구,중곡1동,4,-,1,1,1,-,-,-,-,-,1,-,-,-,-,-
"합계",광진구,중곡2동,4,-,-,-,1,-,1,-,1,-,1,-,-,-,-,-
"합계",광진구,중곡3동,1,-,-,-,-,1,-,-,-,-,-,-,-,-,-,-
"합계",광진구,중곡4동,2,-,1,-,-,-,-,-,1,-,-,-,-,-,-,-
"합계",광진구,광장동,10,-,2,-,1,1,2,1,2,-,1,-,-,-,-,-
"합계",광진구,자양1동,3,-,2,-,-,-,1,-,-,-,-,-,-,-,-,-
"합계",광진구,자양2동,3,-,-,1,1,-,1,-,-,-,-,-,-,-,-,-
"합계",광진구,자양3동,7,-,1,1,3,-,1,-,1,-,-,-,-,-,-,-
"합계",광진구,자양4동,2,-,1,-,1,-,-,-,-,-,-,-,-,-,-,-
"합계",광진구,구의1동,5,-,-,1,-,-,1,-,1,-,1,1,-,-,-,-
"합계",광진구,구의2동,3,-,1,-,1,1,-,-,-,-,-,-,-,-,-,-
"합계",광진구,구의3동,10,-,1,1,3,-,2,1,1,-,-,-,-,-,-,1
"합계",동대문구,소계,72,-,15,4,13,4,8,1,9,-,7,8,3,-,-,-
"합계",동대문구,용신동,11,-,1,1,2,-,-,1,1,-,2,2,1,-,-,-
"합계",동대문구,제기동,9,-,1,-,2,1,2,-,-,-,1,1,1,-,-,-
"합계",동대문구,전농1동,3,-,1,-,1,-,1,-,-,-,-,-,-,-,-,-
"합계",동대문구,전농2동,4,-,1,-,-,-,1,-,1,-,-,1,-,-,-,-
"합계",동대문구,답십리1동,8,-,1,1,1,-,2,-,1,-,1,1,-,-,-,-
"합계",동대문구,답십리2동,1,-,-,-,-,1,-,-,-,-,-,-,-,-,-,-
"합계",동대문구,장안1동,12,-,3,1,2,-,1,-,2,-,1,1,1,-,-,-
"합계",동대문구,장안2동,3,-,1,-,1,-,1,-,-,-,-,-,-,-,-,-
"합계",동대문구,청량리동,7,-,1,1,1,1,-,-,1,-,1,1,-,-,-,-
"합계",동대문구,회기동,6,-,2,-,1,-,-,-,3,-,-,-,-,-,-,-
"합계",동대문구,휘경1동,2,-,-,-,1,-,-,-,-,-,1,-,-,-,-,-
"합계",동대문구,휘경2동,2,-,1,-,-,1,-,-,-,-,-,-,-,-,-,-
"합계",동대문구,이문1동,4,-,2,-,1,-,-,-,-,-,-,1,-,-,-,-
"합계",중랑구,소계,38,-,8,3,9,2,6,-,4,-,2,2,2,-,-,-
"합계",중랑구,면목2동,1,-,-,-,-,-,-,-,-,-,-,-,1,-,-,-
"합계",중랑구,면목5동,2,-,-,-,1,-,-,-,1,-,-,-,-,-,-,-
"합계",중랑구,면목본동,3,-,-,-,-,-,-,-,1,-,1,1,-,-,-,-
"합계",중랑구,면목7동,3,-,1,1,1,-,-,-,-,-,-,-,-,-,-,-
"합계",중랑구,면목3.8동,1,-,-,-,-,-,1,-,-,-,-,-,-,-,-,-
"합계",중랑구,상봉1동,1,-,-,-,-,1,-,-,-,-,-,-,-,-,-,-
"합계",중랑구,상봉2동,4,-,1,1,1,-,1,-,-,-,-,-,-,-,-,-
"합계",중랑구,중화1동,1,-,-,-,-,-,1,-,-,-,-,-,-,-,-,-
"합계",중랑구,중화2동,4,-,1,-,1,-,-,-,-,-,-,1,1,-,-,-
"합계",중랑구,묵1동,4,-,1,-,-,1,1,-,1,-,-,-,-,-,-,-
"합계",중랑구,묵2동,3,-,-,1,1,-,-,-,-,-,1,-,-,-,-,-
"합계",중랑구,망우본동,5,-,1,-,2,-,1,-,1,-,-,-,-,-,-,-
"합계",중랑구,망우3동,1,-,1,-,-,-,-,-,-,-,-,-,-,-,-,-
"합계",중랑구,신내1동,2,-,1,-,1,-,-,-,-,-,-,-,-,-,-,-
"합계",중랑구,신내2동,3,-,1,-,1,-,1,-,-,-,-,-,-,-,-,-
"합계",성북구,소계,80,-,15,6,15,3,11,1,15,1,6,6,1,-,-,-
"합계",성북구,성북동,4,-,-,-,-,-,1,-,1,-,-,1,1,-,-,-
"합계",성북구,삼선동,9,-,3,1,1,1,1,-,1,-,1,-,-,-,-,-
"합계",성북구,동선동,3,-,-,-,1,-,-,-,1,-,1,-,-,-,-,-
"합계",성북구,돈암1동,1,-,-,-,1,-,-,-,-,-,-,-,-,-,-,-
"합계",성북구,돈암2동,4,-,1,-,-,-,2,-,1,-,-,-,-,-,-,-
"합계",성북구,안암동,8,-,1,-,1,-,-,-,5,-,1,-,-,-,-,-
"합계",성북구,보문동,4,-,1,-,1,-,1,-,-,-,-,1,-,-,-,-
"합계",성북구,정릉2동,4,-,-,-,1,-,1,-,1,-,-,1,-,-,-,-
"합계",성북구,정릉3동,1,-,1,-,-,-,-,-,-,-,-,-,-,-,-,-
"합계",성북구,정릉4동,4,-,1,-,1,1,1,-,-,-,-,-,-,-,-,-
"합계",성북구,길음1동,7,-,1,1,1,-,2,-,1,-,-,1,-,-,-,-
"합계",성북구,길음2동,3,-,-,1,-,-,-,1,-,1,-,-,-,-,-,-
"합계",성북구,종암동,4,-,-,-,2,-,-,-,1,-,1,-,-,-,-,-
"합계",성북구,월곡1동,6,-,2,1,1,-,1,-,1,-,-,-,-,-,-,-
"합계",성북구,월곡2동,5,-,1,-,1,-,1,-,1,-,-,1,-,-,-,-
"합계",성북구,장위1동,2,-,1,-,1,-,-,-,-,-,-,-,-,-,-,-
"합계",성북구,장위2동,3,-,-,-,1,-,-,-,1,-,1,-,-,-,-,-
"합계",성북구,장위3동,2,-,-,1,-,-,-,-,-,-,1,-,-,-,-,-
"합계",성북구,석관동,6,-,2,1,1,1,-,-,-,-,-,1,-,-,-,-
"합계",강북구,소계,37,-,6,2,8,2,4,-,6,-,4,3,2,-,-,-
"합계",강북구,삼양동,1,-,-,-,-,-,-,-,-,-,1,-,-,-,-,-
"합계",강북구,미아동,2,-,1,-,-,-,-,-,-,-,-,-,1,-,-,-
"합계",강북구,송중동,2,-,-,-,1,1,-,-,-,-,-,-,-,-,-,-
"합계",강북구,송천동,6,-,1,-,1,-,1,-,1,-,1,1,-,-,-,-
"합계",강북구,삼각산동,6,-,1,-,2,-,1,-,2,-,-,-,-,-,-,-
"합계",강북구,번1동,4,-,-,1,1,-,1,-,1,-,-,-,-,-,-,-
"합계",강북구,번3동,1,-,-,-,-,-,-,-,1,-,-,-,-,-,-,-
"합계",강북구,수유1동,3,-,-,-,2,-,-,-,-,-,-,1,-,-,-,-
"합계",강북구,수유2동,2,-,1,-,-,-,-,-,1,-,-,-,-,-,-,-
"합계",강북구,수유3동,8,-,2,-,1,1,1,-,-,-,1,1,1,-,-,-
"합계",강북구,우이동,1,-,-,-,-,-,-,-,-,-,1,-,-,-,-,-
"합계",강북구,인수동,1,-,-,1,-,-,-,-,-,-,-,-,-,-,-,-
"합계",도봉구,소계,38,-,6,2,8,2,8,1,4,-,2,4,1,-,-,-
"합계",도봉구,창1동,4,-,1,-,1,-,1,-,-,-,1,-,-,-,-,-
"합계",도봉구,창2동,1,-,-,-,-,1,-,-,-,-,-,-,-,-,-,-
"합계",도봉구,창4동,4,-,1,-,1,-,1,-,-,-,-,1,-,-,-,-
"합계",도봉구,창5동,5,-,1,-,1,1,1,-,1,-,-,-,-,-,-,-
"합계",도봉구,도봉1동,2,-,-,1,1,-,-,-,-,-,-,-,-,-,-,-
"합계",도봉구,도봉2동,3,-,-,-,-,-,2,-,-,-,-,1,-,-,-,-
"합계",도봉구,쌍문1동,2,-,-,-,-,-,-,-,2,-,-,-,-,-,-,-
"합계",도봉구,쌍문2동,1,-,-,-,1,-,-,-,-,-,-,-,-,-,-,-
"합계",도봉구,쌍문3동,2,-,-,-,-,-,-,-,-,-,-,1,1,-,-,-
"합계",도봉구,쌍문4동,2,-,-,-,1,-,1,-,-,-,-,-,-,-,-,-
"합계",도봉구,방학1동,8,-,2,-,1,-,2,1,-,-,1,1,-,-,-,-
"합계",도봉구,방학3동,4,-,1,1,1,-,-,-,1,-,-,-,-,-,-,-
"합계",노원구,소계,72,-,15,2,17,1,9,2,9,-,7,7,1,2,-,-
"합계",노원구,월계1동,3,-,-,-,2,-,-,-,1,-,-,-,-,-,-,-
"합계",노원구,월계2동,1,-,1,-,-,-,-,-,-,-,-,-,-,-,-,-
"합계",노원구,월계3동,3,-,-,-,1,-,1,-,1,-,-,-,-,-,-,-
"합계",노원구,공릉1동,7,-,1,-,2,-,1,-,-,-,1,1,1,-,-,-
"합계",노원구,공릉2동,6,-,2,-,1,-,-,-,1,-,1,1,-,-,-,-
"합계",노원구,하계1동,5,-,1,-,1,-,1,-,1,-,-,1,-,-,-,-
"합계",노원구,하계2동,1,-,-,-,-,-,1,-,-,-,-,-,-,-,-,-
"합계",노원구,중계본동,3,-,-,-,1,-,1,-,-,-,1,-,-,-,-,-
"합계",노원구,중계1동,5,-,2,-,1,-,-,-,1,-,-,-,-,1,-,-
"합계",노원구,중계4동,2,-,1,-,1,-,-,-,-,-,-,-,-,-,-,-
"합계",노원구,중계2.3동,3,-,1,-,2,-,-,-,-,-,-,-,-,-,-,-
"합계",노원구,상계1동,2,-,-,-,1,-,1,-,-,-,-,-,-,-,-,-
"합계",노원구,상계2동,2,-,-,-,1,-,-,-,-,-,1,-,-,-,-,-
"합계",노원구,상계3.4동,3,-,1,-,-,-,-,-,-,-,2,-,-,-,-,-
"합계",노원구,상계5동,2,-,-,-,-,-,-,-,1,-,-,1,-,-,-,-
"합계",노원구,상계6.7동,15,-,4,1,2,1,1,1,2,-,-,2,-,1,-,-
"합계",노원구,상계8동,4,-,1,-,-,-,1,-,-,-,1,1,-,-,-,-
"합계",노원구,상계9동,4,-,-,1,1,-,1,-,1,-,-,-,-,-,-,-
"합계",노원구,상계10동,1,-,-,-,-,-,-,1,-,-,-,-,-,-,-,-
"합계",은평구,소계,53,-,9,2,10,3,9,1,6,-,5,5,3,-,-,-
"합계",은평구,녹번동,2,-,1,-,-,-,-,-,-,-,-,-,1,-,-,-
"합계",은평구,불광1동,6,-,-,-,2,-,1,1,1,-,-,1,-,-,-,-
"합계",은평구,불광2동,1,-,-,-,-,-,-,-,-,-,-,1,-,-,-,-
"합계",은평구,갈현1동,4,-,-,-,1,1,1,-,-,-,-,1,-,-,-,-
"합계",은평구,갈현2동,3,-,-,-,1,-,1,-,-,-,-,-,1,-,-,-
"합계",은평구,대조동,7,-,2,1,1,-,1,-,1,-,1,-,-,-,-,-
"합계",은평구,응암1동,7,-,1,1,1,1,1,-,-,-,1,1,-,-,-,-
"합계",은평구,응암2동,1,-,1,-,-,-,-,-,-,-,-,-,-,-,-,-
"합계",은평구,응암3동,4,-,1,-,1,-,-,-,1,-,-,-,1,-,-,-
"합계",은평구,역촌동,4,-,1,-,1,-,1,-,1,-,-,-,-,-,-,-
"합계",은평구,신사1동,2,-,-,-,-,-,-,-,1,-,1,-,-,-,-,-
"합계",은평구,수색동,3,-,-,-,1,-,1,-,-,-,1,-,-,-,-,-
"합계",은평구,진관동,9,-,2,-,1,1,2,-,1,-,1,1,-,-,-,-
"합계",서대문구,소계,65,-,14,4,11,3,9,1,10,-,7,5,-,1,-,-
"합계",서대문구,천연동,1,-,1,-,-,-,-,-,-,-,-,-,-,-,-,-
"합계",서대문구,북아현동,2,-,1,-,-,-,-,-,-,-,1,-,-,-,-,-
"합계",서대문구,충현동,9,-,1,-,2,-,2,-,1,-,-,2,-,1,-,-
"합계",서대문구,신촌동,16,-,3,1,4,-,4,-,2,-,1,1,-,-,-,-
"합계",서대문구,연희동,10,-,2,1,1,1,1,1,1,-,1,1,-,-,-,-
"합계",서대문구,홍제1동,3,-,1,-,-,1,1,-,-,-,-,-,-,-,-,-
"합계",서대문구,홍제3동,3,-,1,-,1,-,-,-,1,-,-,-,-,-,-,-
"합계",서대문구,홍제2동,3,-,1,1,-,-,-,-,-,-,1,-,-,-,-,-
"합계",서대문구,홍은1동,1,-,1,-,-,-,-,-,-,-,-,-,-,-,-,-
"합계",서대문구,홍은2동,4,-,-,-,-,-,-,-,2,-,2,-,-,-,-,-
"합계",서대문구,남가좌1동,3,-,-,-,1,1,-,-,-,-,-,1,-,-,-,-
"합계",서대문구,남가좌2동,5,-,1,1,1,-,1,-,1,-,-,-,-,-,-,-
"합계",서대문구,북가좌1동,1,-,-,-,1,-,-,-,-,-,-,-,-,-,-,-
"합계",서대문구,북가좌2동,4,-,1,-,-,-,-,-,2,-,1,-,-,-,-,-
"합계",마포구,소계,106,-,18,6,16,7,15,2,15,2,11,9,4,1,-,-
"합계",마포구,아현동,9,-,1,1,2,1,1,-,1,-,1,1,-,-,-,-
"합계",마포구,공덕동,12,-,2,-,1,-,4,-,2,-,1,1,1,-,-,-
"합계",마포구,도화동,9,-,1,1,1,1,1,-,1,1,1,1,-,-,-,-
"합계",마포구,용강동,11,-,1,1,1,1,1,1,2,-,1,1,1,-,-,-
"합계",마포구,대흥동,6,-,3,-,1,1,1,-,-,-,-,-,-,-,-,-
"합계",마포구,염리동,1,-,-,-,-,-,-,-,-,-,1,-,-,-,-,-
"합계",마포구,신수동,1,-,-,-,1,-,-,-,-,-,-,-,-,-,-,-
"합계",마포구,서강동,3,-,1,-,-,-,-,-,1,-,1,-,-,-,-,-
"합계",마포구,서교동,27,-,4,2,4,1,4,1,5,-,1,3,1,1,-,-
"합계",마포구,합정동,4,-,1,1,1,-,-,-,-,-,-,1,-,-,-,-
"합계",마포구,망원1동,2,-,-,-,-,-,-,-,1,-,1,-,-,-,-,-
"합계",마포구,망원2동,3,-,-,-,1,-,-,-,1,-,1,-,-,-,-,-
"합계",마포구,연남동,1,-,-,-,-,-,-,-,-,-,-,-,1,-,-,-
"합계",마포구,성산1동,3,-,-,-,1,1,-,-,-,1,-,-,-,-,-,-
"합계",마포구,성산2동,3,-,1,-,1,-,1,-,-,-,-,-,-,-,-,-
"합계",마포구,상암동,11,-,3,-,1,1,2,-,1,-,2,1,-,-,-,-
"합계",양천구,소계,84,-,13,10,15,6,16,3,10,-,5,5,1,-,-,-
"합계",양천구,목1동,15,-,1,1,2,2,4,1,2,-,1,1,-,-,-,-
"합계",양천구,목2동,2,-,-,-,1,1,-,-,-,-,-,-,-,-,-,-
"합계",양천구,목3동,4,-,-,1,1,-,1,-,-,-,1,-,-,-,-,-
"합계",양천구,목4동,3,-,-,1,1,-,-,-,-,-,-,1,-,-,-,-
"합계",양천구,목5동,13,-,1,2,3,2,2,1,1,-,1,-,-,-,-,-
"합계",양천구,신월1동,4,-,1,-,1,-,-,-,1,-,-,1,-,-,-,-
"합계",양천구,신월2동,2,-,1,1,-,-,-,-,-,-,-,-,-,-,-,-
"합계",양천구,신월3동,1,-,1,-,-,-,-,-,-,-,-,-,-,-,-,-
"합계",양천구,신월4동,1,-,-,-,-,-,1,-,-,-,-,-,-,-,-,-
"합계",양천구,신월5동,1,-,-,-,-,-,1,-,-,-,-,-,-,-,-,-
"합계",양천구,신월6동,2,-,-,-,1,-,-,-,-,-,-,1,-,-,-,-
"합계",양천구,신월7동,2,-,1,-,-,-,-,-,1,-,-,-,-,-,-,-
"합계",양천구,신정1동,5,-,-,1,1,-,2,-,1,-,-,-,-,-,-,-
"합계",양천구,신정2동,1,-,-,-,-,-,-,-,1,-,-,-,-,-,-,-
"합계",양천구,신정3동,5,-,2,-,1,-,2,-,-,-,-,-,-,-,-,-
"합계",양천구,신정4동,8,-,2,1,1,-,-,-,1,-,1,1,1,-,-,-
"합계",양천구,신정6동,9,-,3,1,1,-,1,1,1,-,1,-,-,-,-,-
"합계",양천구,신정7동,6,-,-,1,1,1,2,-,1,-,-,-,-,-,-,-
"합계",강서구,소계,76,-,14,3,15,3,16,1,8,-,7,6,3,-,-,-
"합계",강서구,염창동,5,-,2,-,1,-,1,-,-,-,1,-,-,-,-,-
"합계",강서구,등촌1동,4,-,-,-,-,-,1,-,-,-,2,1,-,-,-,-
"합계",강서구,등촌2동,1,-,-,-,-,-,-,-,1,-,-,-,-,-,-,-
"합계",강서구,등촌3동,7,-,1,-,2,-,1,-,1,-,1,1,-,-,-,-
"합계",강서구,화곡1동,3,-,1,1,-,1,-,-,-,-,-,-,-,-,-,-
"합계",강서구,화곡3동,3,-,-,-,1,-,1,-,1,-,-,-,-,-,-,-
"합계",강서구,화곡4동,3,-,-,-,-,1,-,-,-,-,1,1,-,-,-,-
"합계",강서구,화곡본동,2,-,-,1,1,-,-,-,-,-,-,-,-,-,-,-
"합계",강서구,화곡6동,5,-,2,-,1,-,1,-,1,-,-,-,-,-,-,-
"합계",강서구,화곡8동,3,-,1,-,2,-,-,-,-,-,-,-,-,-,-,-
"합계",강서구,가양1동,2,-,-,-,1,-,1,-,-,-,-,-,-,-,-,-
"합계",강서구,가양2동,3,-,1,-,1,-,-,-,-,-,-,1,-,-,-,-
"합계",강서구,발산1동,7,-,2,-,2,-,1,-,-,-,1,-,1,-,-,-
"합계",강서구,우장산동,8,-,1,-,-,1,2,1,1,-,-,1,1,-,-,-
"합계",강서구,공항동,10,-,2,1,-,-,4,-,2,-,-,1,-,-,-,-
"합계",강서구,방화1동,4,-,-,-,2,-,1,-,1,-,-,-,-,-,-,-
"합계",강서구,방화2동,4,-,-,-,1,-,1,-,-,-,1,-,1,-,-,-
"합계",강서구,방화3동,2,-,1,-,-,-,1,-,-,-,-,-,-,-,-,-
"합계",구로구,소계,78,-,14,6,13,7,9,-,9,3,13,4,-,-,-,-
"합계",구로구,신도림동,8,-,2,1,2,-,1,-,1,1,-,-,-,-,-,-
"합계",구로구,구로1동,2,-,1,-,-,-,1,-,-,-,-,-,-,-,-,-
"합계",구로구,구로2동,13,-,3,1,1,1,3,-,2,-,2,-,-,-,-,-
"합계",구로구,구로3동,22,-,3,2,4,2,2,-,1,2,4,2,-,-,-,-
"합계",구로구,구로4동,5,-,1,-,-,1,-,-,-,-,2,1,-,-,-,-
"합계",구로구,구로5동,7,-,1,-,2,2,-,-,1,-,-,1,-,-,-,-
"합계",구로구,가리봉동,1,-,-,-,-,-,-,-,1,-,-,-,-,-,-,-
"합계",구로구,고척1동,3,-,-,-,1,-,-,-,1,-,1,-,-,-,-,-
"합계",구로구,고척2동,2,-,-,1,-,-,-,-,-,-,1,-,-,-,-,-
"합계",구로구,개봉1동,3,-,1,-,1,-,1,-,-,-,-,-,-,-,-,-
"합계",구로구,개봉2동,3,-,1,-,-,-,-,-,1,-,1,-,-,-,-,-
"합계",구로구,개봉3동,2,-,-,1,1,-,-,-,-,-,-,-,-,-,-,-
"합계",구로구,오류1동,5,-,-,-,1,1,1,-,1,-,1,-,-,-,-,-
"합계",구로구,오류2동,1,-,1,-,-,-,-,-,-,-,-,-,-,-,-,-
"합계",구로구,수궁동,1,-,-,-,-,-,-,-,-,-,1,-,-,-,-,-
"합계",금천구,소계,67,-,13,4,10,3,7,-,6,1,13,6,2,2,-,-
"합계",금천구,가산동,35,-,7,3,6,2,3,-,2,-,8,2,1,1,-,-
"합계",금천구,독산1동,7,-,2,-,1,-,-,-,1,1,1,1,-,-,-,-
"합계",금천구,독산2동,2,-,-,-,-,-,1,-,-,-,-,1,-,-,-,-
"합계",금천구,독산3동,3,-,-,-,1,-,1,-,-,-,-,-,-,1,-,-
"합계",금천구,독산4동,2,-,-,1,-,-,-,-,-,-,1,-,-,-,-,-
"합계",금천구,시흥1동,10,-,3,-,2,1,1,-,-,-,1,1,1,-,-,-
"합계",금천구,시흥2동,1,-,-,-,-,-,-,-,1,-,-,-,-,-,-,-
"합계",금천구,시흥3동,5,-,-,-,-,-,1,-,1,-,2,1,-,-,-,-
"합계",금천구,시흥4동,1,-,-,-,-,-,-,-,1,-,-,-,-,-,-,-
"합계",금천구,시흥5동,1,-,1,-,-,-,-,-,-,-,-,-,-,-,-,-
"합계",영등포구,소계,153,-,28,10,26,6,21,4,17,5,16,11,5,2,1,1
"합계",영등포구,영등포동,19,-,3,1,3,1,3,1,1,-,2,3,1,-,-,-
"합계",영등포구,여의동,79,-,11,6,11,4,11,3,9,5,6,7,2,2,1,1
"합계",영등포구,당산1동,5,-,3,-,1,-,1,-,-,-,-,-,-,-,-,-
"합계",영등포구,당산2동,8,-,1,-,2,1,1,-,2,-,1,-,-,-,-,-
"합계",영등포구,도림동,1,-,-,-,-,-,-,-,-,-,1,-,-,-,-,-
"합계",영등포구,문래동,11,-,3,1,2,-,-,-,2,-,3,-,-,-,-,-
"합계",영등포구,양평1동,3,-,1,-,1,-,-,-,-,-,1,-,-,-,-,-
"합계",영등포구,양평2동,3,-,-,-,1,-,1,-,-,-,-,-,1,-,-,-
"합계",영등포구,신길1동,2,-,1,-,-,-,-,-,-,-,1,-,-,-,-,-
"합계",영등포구,신길3동,5,-,2,-,2,-,-,-,-,-,-,1,-,-,-,-
"합계",영등포구,신길4동,1,-,-,-,-,-,-,-,1,-,-,-,-,-,-,-
"합계",영등포구,신길6동,2,-,-,1,1,-,-,-,-,-,-,-,-,-,-,-
"합계",영등포구,신길7동,1,-,-,-,-,-,1,-,-,-,-,-,-,-,-,-
"합계",영등포구,대림1동,4,-,1,-,1,-,2,-,-,-,-,-,-,-,-,-
"합계",영등포구,대림2동,1,-,-,-,-,-,1,-,-,-,-,-,-,-,-,-
"합계",영등포구,대림3동,8,-,2,1,1,-,-,-,2,-,1,-,1,-,-,-
"합계",동작구,소계,64,-,13,2,14,3,13,1,8,-,3,6,1,-,-,-
"합계",동작구,노량진1동,5,-,-,-,1,-,1,-,1,-,1,1,-,-,-,-
"합계",동작구,노량진2동,5,-,2,-,1,-,1,-,-,-,-,-,1,-,-,-
"합계",동작구,상도1동,7,-,2,-,2,1,1,-,1,-,-,-,-,-,-,-
"합계",동작구,상도2동,4,-,1,-,1,1,1,-,-,-,-,-,-,-,-,-
"합계",동작구,상도3동,3,-,-,1,-,-,1,-,1,-,-,-,-,-,-,-
"합계",동작구,상도4동,1,-,-,-,-,-,-,-,-,-,-,1,-,-,-,-
"합계",동작구,흑석동,8,-,3,-,2,-,1,-,1,-,-,1,-,-,-,-
"합계",동작구,사당1동,8,-,-,1,2,1,1,-,1,-,1,1,-,-,-,-
"합계",동작구,사당2동,3,-,1,-,-,-,1,-,1,-,-,-,-,-,-,-
"합계",동작구,사당3동,3,-,-,-,2,-,1,-,-,-,-,-,-,-,-,-
"합계",동작구,대방동,6,-,2,-,2,-,2,-,-,-,-,-,-,-,-,-
"합계",동작구,신대방1동,4,-,1,-,1,-,-,1,1,-,-,-,-,-,-,-
"합계",동작구,신대방2동,7,-,1,-,-,-,2,-,1,-,1,2,-,-,-,-
"합계",관악구,소계,60,-,15,4,12,2,10,1,4,-,5,5,2,-,-,-
"합계",관악구,보라매동,3,-,1,1,1,-,-,-,-,-,-,-,-,-,-,-
"합계",관악구,청림동,1,-,1,-,-,-,-,-,-,-,-,-,-,-,-,-
"합계",관악구,행운동,6,-,2,-,1,1,1,-,-,-,-,-,1,-,-,-
"합계",관악구,낙성대동,4,-,-,-,1,-,1,-,1,-,-,1,-,-,-,-
"합계",관악구,청룡동,7,-,2,-,1,-,1,-,1,-,1,-,1,-,-,-
"합계",관악구,은천동,2,-,-,-,-,1,-,-,-,-,-,1,-,-,-,-
"합계",관악구,중앙동,4,-,1,1,1,-,1,-,-,-,-,-,-,-,-,-
"합계",관악구,인헌동,5,-,1,-,1,-,1,-,1,-,1,-,-,-,-,-
"합계",관악구,남현동,1,-,1,-,-,-,-,-,-,-,-,-,-,-,-,-
"합계",관악구,서원동,4,-,-,1,1,-,-,1,-,-,1,-,-,-,-,-
"합계",관악구,신원동,1,-,-,-,-,-,1,-,-,-,-,-,-,-,-,-
"합계",관악구,서림동,1,-,1,-,-,-,-,-,-,-,-,-,-,-,-,-
"합계",관악구,신사동,2,-,-,-,-,-,1,-,-,-,1,-,-,-,-,-
"합계",관악구,신림동,3,-,1,-,1,-,-,-,1,-,-,-,-,-,-,-
"합계",관악구,난향동,1,-,1,-,-,-,-,-,-,-,-,-,-,-,-,-
"합계",관악구,조원동,2,-,-,1,1,-,-,-,-,-,-,-,-,-,-,-
"합계",관악구,대학동,7,-,2,-,1,-,2,-,-,-,-,2,-,-,-,-
"합계",관악구,미성동,4,-,1,-,1,-,-,-,-,-,1,1,-,-,-,-
"합계",관악구,난곡동,2,-,-,-,1,-,1,-,-,-,-,-,-,-,-,-
"합계",서초구,소계,234,-,36,15,34,19,42,13,30,2,18,13,4,5,1,2
"합계",서초구,서초1동,14,-,2,1,2,2,1,2,1,-,1,1,-,-,1,-
"합계",서초구,서초2동,37,-,4,3,5,2,5,1,7,2,3,1,2,2,-,-
"합계",서초구,서초3동,34,-,5,2,4,2,10,1,4,-,3,3,-,-,-,-
"합계",서초구,서초4동,22,-,4,1,4,2,3,2,3,-,1,-,1,-,-,1
"합계",서초구,잠원동,11,-,1,2,2,1,3,-,1,-,-,-,-,1,-,-
"합계",서초구,반포본동,7,-,1,1,1,1,1,-,1,-,-,1,-,-,-,-
"합계",서초구,반포1동,11,-,2,-,1,1,3,-,1,-,2,1,-,-,-,-
"합계",서초구,반포2동,9,-,-,1,-,1,1,1,2,-,2,-,-,1,-,-
"합계",서초구,반포3동,7,-,2,-,2,-,1,1,-,-,1,-,-,-,-,-
"합계",서초구,반포4동,19,-,4,1,3,2,3,1,4,-,-,1,-,-,-,-
"합계",서초구,방배본동,8,-,2,1,2,-,1,-,1,-,1,-,-,-,-,-
"합계",서초구,방배1동,5,-,-,-,1,1,1,1,1,-,-,-,-,-,-,-
"합계",서초구,방배2동,2,-,1,-,-,-,-,-,-,-,-,-,-,1,-,-
"합계",서초구,방배3동,5,-,1,-,1,-,-,1,1,-,1,-,-,-,-,-
"합계",서초구,방배4동,15,-,1,1,3,-,3,1,2,-,1,2,-,-,-,1
"합계",서초구,양재1동,14,-,4,-,2,2,2,1,1,-,1,-,1,-,-,-
"합계",서초구,양재2동,14,-,2,1,1,2,4,-,-,-,1,3,-,-,-,-
"합계",강남구,소계,390,1,65,24,61,25,57,26,46,7,26,32,8,9,-,3
"합계",강남구,신사동,17,-,2,1,3,-,4,2,1,-,1,1,1,-,-,1
"합계",강남구,논현1동,19,-,2,2,3,2,2,1,2,-,3,1,1,-,-,-
"합계",강남구,논현2동,29,-,6,2,6,3,2,-,4,-,1,3,1,1,-,-
"합계",강남구,압구정동,34,-,6,3,5,3,7,2,4,-,2,1,-,1,-,-
"합계",강남구,청담동,20,-,4,-,3,-,2,3,4,-,1,2,-,1,-,-
"합계",강남구,삼성1동,34,-,6,1,4,4,4,1,8,1,2,2,-,1,-,-
"합계",강남구,삼성2동,23,-,4,4,1,1,3,-,3,1,2,2,1,1,-,-
"합계",강남구,대치1동,16,-,2,1,2,2,1,1,2,1,1,1,-,2,-,-
"합계",강남구,대치2동,26,-,3,-,5,2,6,3,3,1,-,2,-,-,-,1
"합계",강남구,대치4동,21,-,3,2,2,1,4,-,1,-,3,3,1,-,-,1
"합계",강남구,역삼1동,64,-,8,4,14,4,10,5,4,1,4,7,3,-,-,-
"합계",강남구,역삼2동,21,1,4,1,2,-,3,4,1,1,2,2,-,-,-,-
"합계",강남구,도곡1동,12,-,3,-,1,-,2,1,1,1,1,2,-,-,-,-
"합계",강남구,도곡2동,24,-,5,2,4,1,3,2,3,-,2,1,-,1,-,-
"합계",강남구,개포1동,3,-,-,1,-,1,1,-,-,-,-,-,-,-,-,-
"합계",강남구,개포2동,5,-,1,-,1,-,1,-,1,-,-,-,-,1,-,-
"합계",강남구,개포4동,5,-,1,-,2,-,-,-,1,-,-,1,-,-,-,-
"합계",강남구,일원본동,6,-,1,-,1,1,2,1,-,-,-,-,-,-,-,-
"합계",강남구,일원1동,3,-,1,-,-,-,-,-,1,-,-,1,-,-,-,-
"합계",강남구,일원2동,4,-,2,-,1,-,-,-,1,-,-,-,-,-,-,-
"합계",강남구,수서동,4,-,1,-,1,-,-,-,1,-,1,-,-,-,-,-
"합계",송파구,소계,165,-,30,11,27,10,25,8,23,2,10,12,5,2,-,-
"합계",송파구,풍납1동,1,-,-,-,-,-,-,-,-,-,1,-,-,-,-,-
"합계",송파구,풍납2동,4,-,1,-,-,1,1,-,1,-,-,-,-,-,-,-
"합계",송파구,거여2동,4,-,1,-,1,-,-,-,1,-,-,1,-,-,-,-
"합계",송파구,마천2동,2,-,-,-,1,-,1,-,-,-,-,-,-,-,-,-
"합계",송파구,방이1동,3,-,1,2,-,-,-,-,-,-,-,-,-,-,-,-
"합계",송파구,방이2동,7,-,2,-,1,-,1,1,1,-,1,-,-,-,-,-
"합계",송파구,오륜동,8,-,1,-,1,2,1,1,1,-,-,-,1,-,-,-
"합계",송파구,오금동,7,-,-,-,1,-,1,-,2,-,1,1,1,-,-,-
"합계",송파구,송파1동,7,-,1,1,2,1,-,-,-,-,1,1,-,-,-,-
"합계",송파구,송파2동,4,-,1,-,-,-,1,1,1,-,-,-,-,-,-,-
"합계",송파구,석촌동,10,-,4,-,1,-,2,-,2,-,-,-,1,-,-,-
"합계",송파구,삼전동,6,-,1,-,3,-,-,1,-,-,1,-,-,-,-,-
"합계",송파구,가락본동,12,-,2,2,2,1,1,-,1,-,1,2,-,-,-,-
"합계",송파구,가락1동,3,-,-,-,-,-,-,-,-,-,-,2,1,-,-,-
"합계",송파구,가락2동,9,-,2,-,1,-,1,1,3,-,-,1,-,-,-,-
"합계",송파구,문정1동,3,-,-,1,-,1,1,-,-,-,-,-,-,-,-,-
"합계",송파구,문정2동,11,-,2,1,2,-,2,1,1,1,1,-,-,-,-,-
"합계",송파구,장지동,4,-,-,-,1,-,1,-,1,-,-,1,-,-,-,-
"합계",송파구,잠실본동,11,-,2,1,2,1,1,-,2,-,1,1,-,-,-,-
"합계",송파구,잠실2동,10,-,2,1,1,-,-,1,1,1,1,1,-,1,-,-
"합계",송파구,잠실3동,11,-,2,-,3,1,4,-,1,-,-,-,-,-,-,-
"합계",송파구,잠실4동,7,-,2,-,2,-,1,-,1,-,1,-,-,-,-,-
"합계",송파구,잠실6동,16,-,2,1,1,2,4,1,2,-,-,1,1,1,-,-
"합계",송파구,잠실7동,5,-,1,1,1,-,1,-,1,-,-,-,-,-,-,-
"합계",강동구,소계,83,-,17,5,17,4,11,3,11,1,7,5,2,-,-,-
"합계",강동구,강일동,6,-,1,-,2,1,-,-,-,-,2,-,-,-,-,-
"합계",강동구,상일동,2,-,-,-,1,-,-,-,1,-,-,-,-,-,-,-
"합계",강동구,명일1동,9,-,2,1,2,-,2,-,2,-,-,-,-,-,-,-
"합계",강동구,명일2동,8,-,1,1,1,1,1,1,1,-,-,1,-,-,-,-
"합계",강동구,고덕2동,2,-,1,-,-,-,1,-,-,-,-,-,-,-,-,-
"합계",강동구,암사1동,4,-,-,-,-,-,-,-,1,-,1,1,1,-,-,-
"합계",강동구,암사2동,3,-,1,-,1,-,1,-,-,-,-,-,-,-,-,-
"합계",강동구,암사3동,3,-,1,-,1,-,1,-,-,-,-,-,-,-,-,-
"합계",강동구,천호1동,1,-,-,-,1,-,-,-,-,-,-,-,-,-,-,-
"합계",강동구,천호2동,7,-,1,1,1,-,1,1,1,-,-,1,-,-,-,-
"합계",강동구,천호3동,3,-,-,-,-,-,1,-,1,-,1,-,-,-,-,-
"합계",강동구,성내1동,7,-,1,-,2,-,-,1,1,-,1,1,-,-,-,-
"합계",강동구,성내2동,5,-,1,1,1,1,-,-,-,1,-,-,-,-,-,-
"합계",강동구,성내3동,6,-,1,-,1,1,1,-,1,-,1,-,-,-,-,-
"합계",강동구,길동,8,-,3,-,1,-,1,-,-,-,1,1,1,-,-,-
"합계",강동구,둔촌1동,2,-,-,-,1,-,-,-,1,-,-,-,-,-,-,-
"합계",강동구,둔촌2동,7,-,3,1,1,-,1,-,1,-,-,-,-,-,-,-
