동_key,구명,동명,65세이상인구,고령화율,복지_일반인,복지_일반노인,복지_보조기기,복지_보조하위15p,공원_일반인,공원_일반노인,공원_보조기기,공원_보조하위15p,복지_속도격차,공원_속도격차,복지_박탈노인,공원_박탈노인,vulnerability_v2,tobler_ratio,복지_일반노인보정,공원_일반노인보정,복지_보조기기보정,공원_보조기기보정,복지_보조하위15p보정,공원_보조하위15p보정
종로구_사직동,종로구,사직동,1984,21.71,3,3,1,0,7,6,4,4,3,3,1984,0,0.0953,0.687165,0,4,0,4,0,3
종로구_삼청동,종로구,삼청동,641,27.24,1,1,0,0,6,4,2,1,1,5,641,0,0.0308,0.452223,0,1,0,1,0,0
종로구_부암동,종로구,부암동,2046,22.31,0,0,0,0,2,1,0,0,0,2,2046,2046,0.1969,0.589145,0,0,0,0,0,0
종로구_평창동,종로구,평창동,4048,23.44,0,0,0,0,0,0,0,0,0,0,4048,4048,0.3896,0.514265,0,0,0,0,0,0
종로구_무악동,종로구,무악동,1602,20.77,3,3,1,1,4,3,2,2,2,2,0,0,0.0,0.393315,0,0,0,0,0,0
종로구_교남동,종로구,교남동,1802,18.79,6,3,2,2,6,5,3,3,4,3,0,0,0.0,0.642078,2,3,2,1,0,0
종로구_가회동,종로구,가회동,914,24.61,2,1,1,1,5,5,4,0,1,5,0,914,0.0441,0.735275,1,2,1,0,1,0
종로구_종로1·2·3·4가동,종로구,종로1·2·3·4가동,1900,22.02,4,3,2,2,8,5,2,1,2,7,0,0,0.0,0.855827,2,3,2,2,1,1
종로구_종로5·6가동,종로구,종로5·6가동,1145,19.03,7,5,3,3,5,5,3,3,4,2,0,0,0.0,0.90753,4,5,3,3,3,3
종로구_이화동,종로구,이화동,1496,19.67,6,6,3,3,7,4,2,2,3,5,0,0,0.0,0.722497,3,2,3,2,1,2
종로구_창신1동,종로구,창신1동,1387,25.71,11,9,4,3,4,4,3,1,8,3,0,0,0.0,0.920595,7,4,4,3,2,1
종로구_창신2동,종로구,창신2동,2079,24.59,8,6,3,2,4,4,4,2,6,2,0,0,0.0,0.529991,2,2,1,1,1,0
종로구_창신3동,종로구,창신3동,1483,23.34,7,6,4,3,4,4,3,2,4,2,0,0,0.0,0.53983,0,2,0,1,0,1
종로구_숭인1동,종로구,숭인1동,1390,22.91,7,6,4,2,4,3,2,1,5,3,0,0,0.0,0.697398,3,2,2,1,1,1
종로구_숭인2동,종로구,숭인2동,1913,16.72,8,6,4,3,4,4,1,1,5,3,0,0,0.0,0.840133,4,1,3,1,1,1
종로구_청운효자동,종로구,청운효자동,2288,20.8,1,0,0,0,7,4,3,0,1,7,2288,2288,0.2202,0.547954,0,0,0,0,0,0
종로구_혜화동,종로구,혜화동,2840,15.03,4,3,0,0,5,5,3,2,4,3,2840,0,0.1364,0.650808,0,2,0,1,0,0
중구_소공동,중구,소공동,344,9.77,8,7,1,0,6,5,3,0,8,6,344,344,0.0331,0.927818,6,4,1,3,0,0
중구_회현동,중구,회현동,1407,29.47,6,4,1,1,6,2,0,0,5,6,0,1407,0.0678,0.646366,1,0,1,0,1,0
중구_명동,중구,명동,799,23.58,4,2,1,0,5,4,1,1,4,4,799,0,0.0384,0.815334,1,1,0,1,0,0
중구_필동,중구,필동,973,18.38,2,1,0,0,3,2,0,0,2,3,973,973,0.0937,0.540007,0,0,0,0,0,0
중구_장충동,중구,장충동,967,17.82,3,3,3,1,4,1,1,0,2,4,0,967,0.0466,0.478933,0,0,0,0,0,0
중구_광희동,중구,광희동,1271,18.02,8,6,3,1,5,3,1,1,7,4,0,0,0.0,0.937479,5,3,2,1,1,1
중구_을지로동,중구,을지로동,524,15.59,5,5,1,1,3,3,2,2,4,1,0,0,0.0,0.961499,5,3,1,2,1,2
중구_신당5동,중구,신당5동,2131,20.72,11,8,6,4,4,4,1,1,7,3,0,0,0.0,0.692198,5,1,3,1,2,0
중구_황학동,중구,황학동,2407,17.18,11,7,5,3,4,3,2,1,8,3,0,0,0.0,0.936794,7,3,4,1,3,0
중구_중림동,중구,중림동,2321,19.02,9,9,5,4,3,1,1,1,5,2,0,0,0.0,0.73549,5,1,4,1,2,1
중구_신당동,중구,신당동,1774,19.98,11,9,6,4,6,3,2,1,7,5,0,0,0.0,0.927286,9,3,5,1,2,1
중구_다산동,중구,다산동,3223,23.91,6,4,3,3,4,3,1,0,3,4,0,3223,0.1554,0.666281,3,0,3,0,2,0
중구_약수동,중구,약수동,4400,27.53,5,5,4,1,3,3,1,1,4,2,0,0,0.0,0.536078,1,1,0,0,0,0
중구_청구동,중구,청구동,2705,24.78,9,7,6,3,3,3,2,1,6,2,0,0,0.0,0.624212,3,1,2,1,1,1
중구_동화동,중구,동화동,2377,24.08,10,9,8,3,4,3,2,1,7,3,0,0,0.0,0.753324,6,2,3,1,2,1
용산구_후암동,용산구,후암동,3340,20.74,2,2,1,1,2,1,1,0,1,2,0,3340,0.161,0.574509,1,0,1,0,1,0
용산구_용산2가동,용산구,용산2가동,2180,22.07,2,2,0,0,0,0,0,0,2,0,2180,2180,0.2098,0.600382,0,0,0,0,0,0
용산구_남영동,용산구,남영동,1705,22.75,7,6,4,2,3,3,1,0,5,3,0,1705,0.0822,0.941375,5,2,2,1,2,0
용산구_원효로2동,용산구,원효로2동,2622,19.39,8,6,6,2,1,0,0,0,6,1,0,2622,0.1264,0.813952,6,0,2,0,2,0
용산구_효창동,용산구,효창동,1727,16.37,12,9,5,4,2,2,1,1,8,1,0,0,0.0,0.774499,5,1,4,1,0,1
용산구_용문동,용산구,용문동,2436,21.81,10,8,4,3,1,1,1,1,7,0,0,0,0.0,0.754079,4,1,3,1,3,0
용산구_이촌1동,용산구,이촌1동,4767,18.77,3,2,1,1,1,1,0,0,2,1,0,4767,0.2298,0.967541,1,0,1,0,1,0
용산구_이촌2동,용산구,이촌2동,1930,24.8,3,2,2,2,0,0,0,0,1,0,0,1930,0.093,0.954343,2,0,2,0,1,0
용산구_이태원1동,용산구,이태원1동,1504,20.48,3,2,2,0,0,0,0,0,3,0,1504,1504,0.1448,0.692263,0,0,0,0,0,0
용산구_이태원2동,용산구,이태원2동,1863,18.82,2,0,0,0,1,1,1,0,2,1,1863,1863,0.1793,0.544286,0,0,0,0,0,0
용산구_서빙고동,용산구,서빙고동,2413,18.86,2,1,1,0,1,1,1,1,2,0,2413,0,0.1159,0.904937,1,1,1,1,0,1
용산구_보광동,용산구,보광동,1724,22.84,2,2,2,2,0,0,0,0,0,0,0,1724,0.0831,0.795509,2,0,2,0,1,0
용산구_청파동,용산구,청파동,3618,18.48,12,9,4,3,2,2,2,2,9,0,0,0,0.0,0.799617,5,2,3,2,1,1
용산구_원효로1동,용산구,원효로1동,2276,12.82,9,6,4,2,1,1,1,0,7,1,0,2276,0.1097,0.860621,4,1,3,1,1,0
용산구_한강로동,용산구,한강로동,3570,15.78,6,6,3,2,0,0,0,0,4,0,0,3570,0.1721,0.945171,5,0,3,0,2,0
용산구_한남동,용산구,한남동,2795,17.98,2,1,1,1,0,0,0,0,1,0,0,2795,0.1347,0.710992,1,0,1,0,0,0
성동구_왕십리2동,성동구,왕십리2동,2984,18.51,9,7,4,2,3,1,1,1,7,2,0,0,0.0,0.735742,3,1,2,1,1,0
성동구_마장동,성동구,마장동,4514,20.11,5,4,3,2,2,2,2,1,3,1,0,0,0.0,0.865726,3,2,2,2,1,1
성동구_사근동,성동구,사근동,1646,11.65,3,2,1,1,3,1,0,0,2,3,0,1646,0.0793,0.848523,1,0,1,0,1,0
성동구_행당1동,성동구,행당1동,2669,16.91,7,5,3,3,3,2,0,0,4,3,0,2669,0.1287,0.888411,5,1,3,0,2,0
성동구_행당2동,성동구,행당2동,4457,19.81,7,7,3,1,2,2,1,1,6,1,0,0,0.0,0.635879,1,1,1,0,0,0
성동구_응봉동,성동구,응봉동,2697,18.58,6,4,2,2,4,3,1,0,4,4,0,2697,0.13,0.670236,2,0,1,0,0,0
성동구_금호1가동,성동구,금호1가동,3070,21.38,7,6,4,3,3,3,2,2,4,1,0,0,0.0,0.646686,3,2,3,1,2,0
성동구_금호4가동,성동구,금호4가동,2883,20.52,5,3,2,2,4,4,2,1,3,3,0,0,0.0,0.732545,2,2,2,1,2,1
성동구_성수1가1동,성동구,성수1가1동,2742,18.05,0,0,0,0,2,2,1,1,0,1,2742,0,0.1317,0.938439,0,2,0,1,0,1
성동구_성수1가2동,성동구,성수1가2동,2448,17.7,1,1,0,0,2,2,2,2,1,0,2448,0,0.1176,0.930082,0,2,0,2,0,2
성동구_성수2가1동,성동구,성수2가1동,3292,23.15,0,0,0,0,2,2,1,1,0,1,3292,0,0.1582,0.938497,0,2,0,1,0,1
성동구_성수2가3동,성동구,성수2가3동,2006,20.5,1,1,0,0,2,1,1,1,1,1,2006,0,0.0964,0.945594,0,1,0,1,0,1
성동구_송정동,성동구,송정동,2050,21.35,1,1,1,1,2,2,0,0,0,2,0,2050,0.0988,0.947011,1,1,1,0,1,0
성동구_용답동,성동구,용답동,2485,17.68,0,0,0,0,1,0,0,0,0,1,2485,2485,0.2392,0.955866,0,0,0,0,0,0
성동구_왕십리도선동,성동구,왕십리도선동,4492,17.25,6,5,5,4,4,2,1,0,2,4,0,4492,0.2165,0.929381,5,2,5,1,2,0
성동구_금호2·3가동,성동구,금호2·3가동,4216,20.34,6,6,4,3,3,3,3,2,3,1,0,0,0.0,0.657843,3,2,2,2,1,1
성동구_옥수동,성동구,옥수동,4793,18.91,5,4,2,1,3,2,2,2,4,1,0,0,0.0,0.697851,1,2,0,1,0,0
광진구_화양동,광진구,화양동,2535,8.98,3,1,0,0,0,0,0,0,3,0,2535,2535,0.244,0.936718,1,0,0,0,0,0
광진구_군자동,광진구,군자동,3573,16.81,1,1,1,1,1,1,1,1,0,0,0,0,0.0,0.956227,1,1,1,1,1,1
광진구_중곡1동,광진구,중곡1동,2999,19.47,4,3,2,1,2,1,1,0,3,2,0,2999,0.1446,0.941725,3,1,2,0,1,0
광진구_중곡2동,광진구,중곡2동,4077,20.2,3,2,2,0,3,2,1,1,3,2,4077,0,0.1959,0.930933,2,2,2,1,0,0
광진구_중곡3동,광진구,중곡3동,3509,22.64,5,4,3,2,3,1,1,0,3,3,0,3509,0.1692,0.910921,4,1,3,1,2,0
광진구_중곡4동,광진구,중곡4동,6467,23.76,2,1,1,0,3,1,0,0,2,3,6467,6467,0.6225,0.538148,0,0,0,0,0,0
광진구_능동,광진구,능동,1891,16.67,2,1,1,1,2,1,1,1,1,1,0,0,0.0,0.901936,1,1,1,1,1,1
광진구_구의1동,광진구,구의1동,3878,16.4,2,2,1,1,1,0,0,0,1,1,0,3878,0.1869,0.945923,2,0,1,0,1,0
광진구_구의2동,광진구,구의2동,5261,20.63,2,1,0,0,2,2,1,1,2,1,5261,0,0.2528,0.621702,0,1,0,1,0,0
광진구_구의3동,광진구,구의3동,5049,18.18,2,2,2,1,0,0,0,0,1,0,0,5049,0.2434,0.934135,2,0,1,0,1,0
광진구_광장동,광진구,광장동,4542,13.67,1,1,0,0,1,1,1,1,1,0,4542,0,0.2182,0.742984,0,1,0,1,0,1
광진구_자양1동,광진구,자양1동,4217,18.72,2,2,2,1,0,0,0,0,1,0,0,4217,0.2033,0.939118,2,0,2,0,1,0
광진구_자양2동,광진구,자양2동,4950,18.52,2,2,1,1,0,0,0,0,1,0,0,4950,0.2386,0.933573,1,0,1,0,1,0
광진구_자양3동,광진구,자양3동,5187,19.18,1,1,1,1,0,0,0,0,0,0,0,5187,0.25,0.921368,1,0,1,0,1,0
광진구_자양4동,광진구,자양4동,4648,19.77,1,1,0,0,1,0,0,0,1,1,4648,4648,0.4474,0.919141,0,0,0,0,0,0
동대문구_회기동,동대문구,회기동,1602,11.83,4,3,1,0,0,0,0,0,4,0,1602,1602,0.1542,0.675014,1,0,0,0,0,0
동대문구_휘경1동,동대문구,휘경1동,2597,13.53,5,3,2,2,1,1,0,0,3,1,0,2597,0.1252,0.918575,3,0,2,0,2,0
동대문구_휘경2동,동대문구,휘경2동,4622,18.55,4,3,2,1,1,1,0,0,3,1,0,4622,0.2228,0.776593,2,0,1,0,0,0
동대문구_청량리동,동대문구,청량리동,6101,32.68,3,2,1,1,0,0,0,0,2,0,0,6101,0.2941,0.839463,1,0,1,0,1,0
동대문구_용신동,동대문구,용신동,7347,17.99,6,4,3,0,3,3,1,1,6,2,7347,0,0.353,0.945083,4,3,3,1,0,1
동대문구_제기동,동대문구,제기동,5883,23.5,4,2,1,0,3,2,1,0,4,3,5883,5883,0.5662,0.942678,2,1,1,1,0,0
동대문구_전농1동,동대문구,전농1동,6704,20.17,4,2,2,2,3,3,1,1,2,2,0,0,0.0,0.937032,2,3,2,1,1,1
동대문구_전농2동,동대문구,전농2동,4242,23.74,3,2,1,1,2,2,1,1,2,1,0,0,0.0,0.849784,1,1,1,1,1,1
동대문구_답십리2동,동대문구,답십리2동,6537,23.58,2,1,1,0,2,2,1,0,2,2,6537,6537,0.6292,0.780878,1,1,0,0,0,0
동대문구_장안1동,동대문구,장안1동,7999,21.1,4,1,0,0,0,0,0,0,4,0,7999,7999,0.7699,0.971996,0,0,0,0,0,0
동대문구_장안2동,동대문구,장안2동,6382,19.19,5,5,1,1,2,1,0,0,4,2,0,6382,0.3077,0.970915,5,1,1,0,1,0
동대문구_이문1동,동대문구,이문1동,3646,12.92,5,4,3,3,0,0,0,0,2,0,0,3646,0.1758,0.878207,4,0,3,0,2,0
동대문구_이문2동,동대문구,이문2동,4347,23.12,7,6,3,2,0,0,0,0,5,0,0,4347,0.2096,0.927857,5,0,3,0,2,0
동대문구_답십리1동,동대문구,답십리1동,4770,17.22,2,2,2,0,3,2,1,1,2,2,4770,0,0.2292,0.931149,2,2,0,1,0,1
중랑구_면목2동,중랑구,면목2동,5660,24.12,11,9,4,1,0,0,0,0,10,0,0,5660,0.2728,0.965255,8,0,3,0,1,0
중랑구_면목4동,중랑구,면목4동,4420,24.68,5,4,4,3,2,2,2,2,2,0,0,0,0.0,0.442842,3,1,2,1,2,0
중랑구_면목5동,중랑구,면목5동,2830,19.88,10,8,4,4,3,2,0,0,6,3,0,2830,0.1364,0.954635,7,2,4,0,4,0
중랑구_면목7동,중랑구,면목7동,5234,24.95,8,5,4,2,3,3,2,2,6,1,0,0,0.0,0.43065,0,1,0,1,0,1
중랑구_상봉1동,중랑구,상봉1동,4868,21.17,11,10,7,6,2,1,1,0,5,2,0,4868,0.2347,0.679696,7,1,4,0,1,0
중랑구_상봉2동,중랑구,상봉2동,3650,16.74,14,12,8,4,1,1,0,0,10,1,0,3650,0.176,0.963924,12,0,7,0,4,0
중랑구_중화1동,중랑구,중화1동,4424,24.33,10,9,5,4,1,1,0,0,6,1,0,4424,0.2133,0.820142,5,1,4,0,2,0
중랑구_중화2동,중랑구,중화2동,6251,23.88,9,7,6,2,0,0,0,0,7,0,0,6251,0.3013,0.965757,6,0,5,0,2,0
중랑구_묵1동,중랑구,묵1동,7107,21.39,6,5,3,2,1,1,1,0,4,1,0,7107,0.3426,0.668813,3,0,1,0,0,0
중랑구_묵2동,중랑구,묵2동,4334,24.09,5,3,2,0,1,1,0,0,5,1,4334,4334,0.4172,0.937532,3,0,1,0,0,0
중랑구_망우3동,중랑구,망우3동,4120,26.17,9,8,6,3,3,1,1,1,6,2,0,0,0.0,0.483666,3,1,2,1,1,0
중랑구_신내1동,중랑구,신내1동,8533,23.19,5,4,2,0,2,1,0,0,5,2,8533,8533,0.8213,0.735307,2,0,0,0,0,0
중랑구_신내2동,중랑구,신내2동,4956,25.92,10,6,3,2,1,1,1,1,8,0,0,0,0.0,0.800541,3,1,2,1,1,1
중랑구_면목본동,중랑구,면목본동,7342,22.55,13,10,7,5,3,2,2,1,8,2,0,0,0.0,0.930189,9,2,7,2,4,1
중랑구_면목3·8동,중랑구,면목3·8동,6073,25.17,12,7,5,2,3,2,2,2,10,1,0,0,0.0,0.544288,2,1,0,1,0,0
중랑구_망우본동,중랑구,망우본동,8326,21.64,7,5,5,2,1,1,1,1,5,0,0,0,0.0,0.627416,3,1,1,1,0,1
성북구_돈암1동,성북구,돈암1동,3370,24.37,3,1,0,0,2,1,1,1,3,1,3370,0,0.1619,0.647787,0,1,0,0,0,0
성북구_돈암2동,성북구,돈암2동,4212,18.31,4,4,1,0,2,2,1,1,4,1,4212,0,0.2024,0.649242,0,1,0,1,0,0
성북구_안암동,성북구,안암동,2323,12.82,5,3,1,1,2,1,1,0,4,2,0,2323,0.112,0.741504,1,1,1,0,0,0
성북구_보문동,성북구,보문동,2917,17.8,6,5,3,2,4,2,2,1,4,3,0,0,0.0,0.784893,3,2,2,1,1,0
성북구_정릉1동,성북구,정릉1동,3660,20.52,4,2,2,0,2,2,0,0,4,2,3660,3660,0.3523,0.609975,0,0,0,0,0,0
성북구_정릉2동,성북구,정릉2동,5206,23.66,2,2,2,2,1,1,0,0,0,1,0,5206,0.251,0.670261,2,0,2,0,0,0
성북구_정릉3동,성북구,정릉3동,3361,21.47,2,2,2,2,0,0,0,0,0,0,0,3361,0.162,0.576339,2,0,0,0,0,0
성북구_정릉4동,성북구,정릉4동,5689,23.63,2,0,0,0,0,0,0,0,2,0,5689,5689,0.5476,0.35159,0,0,0,0,0,0
성북구_길음1동,성북구,길음1동,5381,15.11,4,2,0,0,0,0,0,0,4,0,5381,5381,0.5179,0.755888,0,0,0,0,0,0
성북구_길음2동,성북구,길음2동,3508,16.32,2,2,0,0,1,0,0,0,2,1,3508,3508,0.3376,0.828098,2,0,0,0,0,0
성북구_월곡1동,성북구,월곡1동,5573,22.35,3,3,1,0,0,0,0,0,3,0,5573,5573,0.5364,0.721624,0,0,0,0,0,0
성북구_월곡2동,성북구,월곡2동,4173,21.82,4,3,1,1,0,0,0,0,3,0,0,4173,0.2012,0.734321,1,0,1,0,1,0
성북구_장위1동,성북구,장위1동,4858,21.16,5,3,2,1,1,1,1,0,4,1,0,4858,0.2342,0.783677,2,1,1,0,0,0
성북구_장위2동,성북구,장위2동,3768,23.56,4,3,3,2,0,0,0,0,2,0,0,3768,0.1816,0.807603,3,0,2,0,1,0
성북구_장위3동,성북구,장위3동,3021,16.06,4,4,2,1,1,1,0,0,3,1,0,3021,0.1456,0.944416,3,1,1,0,1,0
성북구_성북동,성북구,성북동,3363,20.89,3,0,0,0,4,2,1,1,3,3,3363,0,0.1616,0.577629,0,0,0,0,0,0
성북구_삼선동,성북구,삼선동,4473,20.02,5,4,2,2,4,4,3,2,3,2,0,0,0.0,0.748155,2,2,1,1,1,0
성북구_동선동,성북구,동선동,2337,14.61,3,2,2,2,3,2,2,0,1,3,0,2337,0.1127,0.854915,2,2,2,1,1,0
성북구_종암동,성북구,종암동,7962,20.31,2,1,1,1,1,1,1,1,1,0,0,0,0.0,0.745159,1,1,1,1,1,0
성북구_석관동,성북구,석관동,8382,24.64,5,4,3,2,0,0,0,0,3,0,0,8382,0.4041,0.787962,3,0,2,0,1,0
강북구_번1동,강북구,번1동,3822,22.34,4,4,4,2,3,2,1,1,2,2,0,0,0.0,0.960009,4,2,4,1,1,1
강북구_번2동,강북구,번2동,4598,31.78,5,4,4,2,2,2,1,0,3,2,0,4598,0.2217,0.746838,4,1,1,0,1,0
강북구_번3동,강북구,번3동,5213,33.26,3,2,0,0,1,1,1,1,3,0,5213,0,0.2505,0.80084,0,1,0,1,0,1
강북구_수유1동,강북구,수유1동,5202,26.2,1,1,0,0,0,0,0,0,1,0,5202,5202,0.5007,0.409138,0,0,0,0,0,0
강북구_수유2동,강북구,수유2동,5868,29.03,2,1,1,0,3,3,2,1,2,2,5868,0,0.2819,0.958431,1,2,1,2,0,1
강북구_수유3동,강북구,수유3동,5539,23.14,4,2,1,1,4,3,1,0,3,4,0,5539,0.267,0.945832,2,3,1,1,1,0
강북구_삼양동,강북구,삼양동,6071,24.56,4,1,0,0,0,0,0,0,4,0,6071,6071,0.5843,0.579624,0,0,0,0,0,0
강북구_미아동,강북구,미아동,5346,25.29,5,4,2,0,1,1,1,0,5,1,5346,5346,0.5146,0.736728,2,1,0,0,0,0
강북구_송중동,강북구,송중동,6949,24.63,2,2,1,1,1,1,0,0,1,1,0,6949,0.335,0.75085,1,0,1,0,1,0
강북구_송천동,강북구,송천동,6528,29.05,1,1,1,1,0,0,0,0,0,0,0,6528,0.3147,0.859058,1,0,1,0,1,0
강북구_삼각산동,강북구,삼각산동,5466,18.17,3,3,0,0,0,0,0,0,3,0,5466,5466,0.5261,0.691277,0,0,0,0,0,0
강북구_우이동,강북구,우이동,5661,28.92,0,0,0,0,1,0,0,0,0,1,5661,5661,0.5449,0.50796,0,0,0,0,0,0
강북구_인수동,강북구,인수동,8143,28.64,1,1,1,0,1,0,0,0,1,1,8143,8143,0.7838,0.393087,0,0,0,0,0,0
도봉구_쌍문1동,도봉구,쌍문1동,5525,26.29,1,0,0,0,3,3,1,1,1,2,5525,0,0.2654,0.80945,0,2,0,1,0,1
도봉구_쌍문2동,도봉구,쌍문2동,4683,26.63,2,2,1,1,5,5,3,1,1,4,0,0,0.0,0.878298,2,3,1,3,1,1
도봉구_쌍문3동,도봉구,쌍문3동,4081,25.08,4,4,0,0,7,4,2,2,4,5,4081,0,0.1961,0.879472,2,3,0,2,0,2
도봉구_쌍문4동,도봉구,쌍문4동,4058,22.91,2,1,1,1,4,3,2,2,1,2,0,0,0.0,0.830809,1,2,1,2,1,2
도봉구_방학1동,도봉구,방학1동,7168,25.62,3,3,2,2,3,1,1,0,1,3,0,7168,0.3455,0.961783,3,1,2,1,2,0
도봉구_방학2동,도봉구,방학2동,5296,29.63,3,3,2,1,2,1,1,0,2,2,0,5296,0.2553,0.699927,2,1,1,0,1,0
도봉구_방학3동,도봉구,방학3동,6491,25.49,2,2,1,0,3,3,2,1,2,2,6491,0,0.3119,0.64881,0,1,0,0,0,0
도봉구_창1동,도봉구,창1동,5606,23.72,4,3,3,0,6,3,3,3,4,3,5606,0,0.2693,0.795912,3,3,0,3,0,3
도봉구_창2동,도봉구,창2동,6585,23.67,5,3,2,2,5,5,2,1,3,4,0,0,0.0,0.882854,3,4,2,1,2,1
도봉구_창3동,도봉구,창3동,3445,26.78,3,3,3,3,4,4,2,0,0,4,0,3445,0.1661,0.709539,3,2,3,0,2,0
도봉구_창4동,도봉구,창4동,5405,20.74,2,2,0,0,4,3,3,1,2,3,5405,0,0.2597,0.938169,1,3,0,3,0,1
도봉구_창5동,도봉구,창5동,5448,23.24,2,1,1,1,5,5,4,3,1,2,0,0,0.0,0.937899,1,5,1,3,1,0
도봉구_도봉1동,도봉구,도봉1동,6724,34.25,1,0,0,0,1,0,0,0,1,1,6724,6724,0.6472,0.46674,0,0,0,0,0,0
도봉구_도봉2동,도봉구,도봉2동,7820,30.43,1,1,1,1,1,1,1,1,0,0,0,0,0.0,0.957912,1,1,1,1,1,0
노원구_월계1동,노원구,월계1동,4700,22.39,3,1,1,1,0,0,0,0,2,0,0,4700,0.2266,0.795155,1,0,1,0,1,0
노원구_월계2동,노원구,월계2동,6842,27.34,4,3,0,0,2,1,0,0,4,2,6842,6842,0.6586,0.801333,0,0,0,0,0,0
노원구_월계3동,노원구,월계3동,7087,25.3,1,1,1,0,0,0,0,0,1,0,7087,7087,0.6821,0.946192,1,0,0,0,0,0
노원구_공릉2동,노원구,공릉2동,6896,16.55,1,1,0,0,0,0,0,0,1,0,6896,6896,0.6637,0.809341,0,0,0,0,0,0
노원구_하계1동,노원구,하계1동,5428,20.76,3,2,2,1,0,0,0,0,2,0,0,5428,0.2617,0.847521,2,0,1,0,1,0
노원구_하계2동,노원구,하계2동,3498,17.79,2,2,1,0,0,0,0,0,2,0,3498,3498,0.3367,0.965342,2,0,1,0,0,0
노원구_중계본동,노원구,중계본동,2903,13.02,2,2,0,0,0,0,0,0,2,0,2903,2903,0.2794,0.444065,0,0,0,0,0,0
노원구_중계1동,노원구,중계1동,3089,11.85,3,3,2,2,0,0,0,0,1,0,0,3089,0.1489,0.945132,3,0,2,0,2,0
노원구_중계4동,노원구,중계4동,4547,24.15,2,2,2,1,1,1,1,0,1,1,0,4547,0.2192,0.319569,0,0,0,0,0,0
노원구_상계1동,노원구,상계1동,9034,24.97,0,0,0,0,1,0,0,0,0,1,9034,9034,0.8695,0.485421,0,0,0,0,0,0
노원구_상계2동,노원구,상계2동,4234,22.53,3,3,3,2,0,0,0,0,1,0,0,4234,0.2041,0.935485,3,0,2,0,2,0
노원구_상계5동,노원구,상계5동,6002,26.9,2,2,2,2,0,0,0,0,0,0,0,6002,0.2893,0.612388,2,0,2,0,1,0
노원구_상계8동,노원구,상계8동,3501,16.43,2,0,0,0,0,0,0,0,2,0,3501,3501,0.337,0.966451,0,0,0,0,0,0
노원구_상계9동,노원구,상계9동,4231,22.22,2,2,0,0,0,0,0,0,2,0,4231,4231,0.4072,0.807922,0,0,0,0,0,0
노원구_상계10동,노원구,상계10동,3318,18.63,2,1,1,0,0,0,0,0,2,0,3318,3318,0.3194,0.927213,1,0,0,0,0,0
노원구_상계3·4동,노원구,상계3·4동,7204,26.94,1,1,0,0,1,0,0,0,1,1,7204,7204,0.6934,0.54324,0,0,0,0,0,0
노원구_상계6·7동,노원구,상계6·7동,5855,19.21,2,2,0,0,2,2,1,0,2,2,5855,5855,0.5636,0.930324,2,2,0,0,0,0
노원구_중계2·3동,노원구,중계2·3동,8528,26.98,2,2,1,1,2,1,0,0,1,2,0,8528,0.4111,0.963638,2,0,1,0,1,0
노원구_공릉1동,노원구,공릉1동,7879,21.86,2,2,1,1,0,0,0,0,1,0,0,7879,0.3798,0.948602,2,0,1,0,1,0
은평구_녹번동,은평구,녹번동,8427,23.74,7,5,5,3,2,0,0,0,4,2,0,8427,0.4062,0.696981,3,0,2,0,1,0
은평구_불광1동,은평구,불광1동,8389,24.2,5,2,1,0,1,1,1,0,5,1,8389,8389,0.8075,0.54717,0,0,0,0,0,0
은평구_갈현1동,은평구,갈현1동,3466,24.52,6,5,3,3,4,4,2,1,3,3,0,0,0.0,0.568096,2,1,2,0,2,0
은평구_갈현2동,은평구,갈현2동,6096,22.54,7,6,3,1,3,2,1,1,6,2,0,0,0.0,0.613803,1,1,1,0,1,0
은평구_구산동,은평구,구산동,7366,23.87,6,5,2,0,2,2,1,0,6,2,7366,7366,0.709,0.610138,0,0,0,0,0,0
은평구_대조동,은평구,대조동,5950,21.71,11,10,7,3,2,2,2,1,8,1,0,0,0.0,0.911958,8,2,5,2,3,1
은평구_응암1동,은평구,응암1동,6263,19.36,11,10,4,3,1,1,0,0,8,1,0,6263,0.3019,0.565829,1,0,1,0,0,0
은평구_응암2동,은평구,응암2동,4638,17.12,11,9,8,3,2,2,2,1,8,1,0,0,0.0,0.679779,5,1,3,0,3,0
은평구_신사1동,은평구,신사1동,6147,23.7,10,8,7,3,2,2,2,2,7,0,0,0,0.0,0.600149,3,2,2,1,1,0
은평구_신사2동,은평구,신사2동,4583,24.18,10,7,5,3,2,2,2,1,7,1,0,0,0.0,0.665354,4,1,2,1,2,1
은평구_증산동,은평구,증산동,3356,21.79,8,8,5,1,1,1,1,0,7,1,0,3356,0.1618,0.71504,2,0,1,0,1,0
은평구_수색동,은평구,수색동,3671,17.22,2,1,0,0,1,0,0,0,2,1,3671,3671,0.3533,0.6467,0,0,0,0,0,0
은평구_진관동,은평구,진관동,10223,18.92,2,1,0,0,0,0,0,0,2,0,10223,10223,0.984,0.632676,0,0,0,0,0,0
은평구_불광2동,은평구,불광2동,7101,26.85,7,6,4,3,4,3,3,3,4,1,0,0,0.0,0.77887,4,3,3,3,1,3
은평구_응암3동,은평구,응암3동,6437,27.45,11,10,8,7,3,2,1,1,4,2,0,0,0.0,0.868962,8,2,8,1,7,0
은평구_역촌동,은평구,역촌동,10372,23.06,15,10,6,4,3,3,1,0,11,3,0,10372,0.5,0.706133,5,1,2,0,2,0
서대문구_천연동,서대문구,천연동,3641,22.05,5,3,2,2,6,4,2,1,3,5,0,0,0.0,0.585897,2,1,1,1,0,0
서대문구_홍제1동,서대문구,홍제1동,5535,22.55,1,1,1,1,3,1,1,1,0,2,0,0,0.0,0.540494,0,1,0,0,0,0
서대문구_홍제3동,서대문구,홍제3동,4340,24.81,1,1,0,0,1,1,1,0,1,1,4340,4340,0.4177,0.63889,0,0,0,0,0,0
서대문구_홍제2동,서대문구,홍제2동,2896,24.06,1,1,1,1,3,2,1,1,0,2,0,0,0.0,0.351572,1,0,1,0,1,0
서대문구_홍은1동,서대문구,홍은1동,5503,23.42,0,0,0,0,0,0,0,0,0,0,5503,5503,0.5297,0.629114,0,0,0,0,0,0
서대문구_홍은2동,서대문구,홍은2동,6044,21.36,6,4,0,0,2,2,2,1,6,1,6044,0,0.2904,0.640952,0,1,0,1,0,1
서대문구_남가좌1동,서대문구,남가좌1동,2605,15.36,6,5,3,1,1,1,1,1,5,0,0,0,0.0,0.942202,4,1,3,1,1,1
서대문구_남가좌2동,서대문구,남가좌2동,5530,18.34,9,6,4,3,3,3,1,0,6,3,0,5530,0.2666,0.859516,4,1,3,1,3,0
서대문구_북가좌1동,서대문구,북가좌1동,3471,19.95,7,4,3,0,2,1,0,0,7,2,3471,3471,0.3341,0.843292,3,0,0,0,0,0
서대문구_북가좌2동,서대문구,북가좌2동,7425,24.65,8,8,5,3,3,2,0,0,5,3,0,7425,0.3579,0.861002,7,0,3,0,3,0
서대문구_충현동,서대문구,충현동,3861,19.54,9,7,6,4,4,3,0,0,5,4,0,3861,0.1861,0.632439,4,0,4,0,1,0
서대문구_북아현동,서대문구,북아현동,2562,16.56,10,9,8,4,1,1,1,0,6,1,0,2562,0.1235,0.772108,8,1,4,0,4,0
서대문구_신촌동,서대문구,신촌동,2295,8.23,6,3,3,3,3,1,0,0,3,3,0,2295,0.1106,0.591539,2,0,0,0,0,0
서대문구_연희동,서대문구,연희동,6802,18.54,5,5,3,3,2,2,2,2,2,0,0,0,0.0,0.642746,3,2,1,0,0,0
마포구_용강동,마포구,용강동,3356,15.61,7,6,4,2,0,0,0,0,5,0,0,3356,0.1618,0.932776,5,0,3,0,2,0
마포구_대흥동,마포구,대흥동,2115,13.04,9,6,3,1,1,1,0,0,8,1,0,2115,0.102,0.724989,2,0,1,0,0,0
마포구_염리동,마포구,염리동,2323,13.16,12,9,5,4,2,1,0,0,8,2,0,2323,0.112,0.716395,5,0,3,0,0,0
마포구_신수동,마포구,신수동,3785,16.99,4,4,2,2,1,1,0,0,2,1,0,3785,0.1825,0.926108,4,1,2,0,2,0
마포구_서교동,마포구,서교동,3602,13.91,4,3,2,0,3,2,2,1,4,2,3602,0,0.1731,0.956151,3,2,2,2,0,1
마포구_합정동,마포구,합정동,2833,17.67,1,0,0,0,2,2,2,1,1,1,2833,0,0.1361,0.938625,0,2,0,1,0,1
마포구_망원1동,마포구,망원1동,3774,20.1,0,0,0,0,2,2,0,0,0,2,3774,3774,0.3633,0.931583,0,1,0,0,0,0
마포구_망원2동,마포구,망원2동,3481,19.96,0,0,0,0,1,0,0,0,0,1,3481,3481,0.3351,0.9108,0,0,0,0,0,0
마포구_연남동,마포구,연남동,2665,18.09,3,3,3,2,2,2,1,1,1,1,0,0,0.0,0.968096,3,2,3,1,1,1
마포구_성산1동,마포구,성산1동,3367,18.01,2,1,0,0,3,1,0,0,2,3,3367,3367,0.3241,0.822717,0,0,0,0,0,0
마포구_성산2동,마포구,성산2동,7092,18.41,0,0,0,0,3,1,0,0,0,3,7092,7092,0.6826,0.838437,0,0,0,0,0,0
마포구_상암동,마포구,상암동,4871,16.35,1,1,1,1,3,2,1,0,0,3,0,4871,0.2348,0.898258,1,1,1,1,0,0
마포구_도화동,마포구,도화동,4155,20.28,8,5,4,4,1,1,0,0,4,1,0,4155,0.2003,0.764279,4,0,4,0,3,0
마포구_서강동,마포구,서강동,3844,15.31,3,2,1,1,2,2,2,1,2,1,0,0,0.0,0.781478,1,2,1,1,1,0
마포구_공덕동,마포구,공덕동,6784,18.51,12,10,7,5,2,2,2,2,7,0,0,0,0.0,0.778845,7,2,5,2,2,1
마포구_아현동,마포구,아현동,4103,13.88,12,9,7,5,2,2,0,0,7,2,0,4103,0.1978,0.761867,7,0,5,0,2,0
양천구_목1동,양천구,목1동,4033,13.43,5,5,3,2,1,1,1,1,3,0,0,0,0.0,0.971252,5,1,3,1,2,1
양천구_목2동,양천구,목2동,5185,18.45,5,5,4,3,4,3,1,1,2,3,0,0,0.0,0.804753,4,2,3,1,3,1
양천구_목3동,양천구,목3동,4338,20.78,8,6,5,3,5,4,1,0,5,5,0,4338,0.2091,0.828682,5,2,3,0,2,0
양천구_목4동,양천구,목4동,3943,16.52,7,7,4,2,3,2,1,0,5,3,0,3943,0.1901,0.90545,7,2,3,1,1,0
양천구_신월1동,양천구,신월1동,5213,27.71,5,5,3,2,1,1,1,1,3,0,0,0,0.0,0.955426,4,1,2,1,2,1
양천구_신월2동,양천구,신월2동,4934,24.01,5,4,1,1,2,2,0,0,4,2,0,4934,0.2379,0.88985,4,1,1,0,1,0
양천구_신월3동,양천구,신월3동,3655,26.42,4,3,1,1,1,1,1,1,3,0,0,0,0.0,0.837466,2,1,1,1,1,1
양천구_신월4동,양천구,신월4동,4048,24.08,4,2,2,1,2,2,1,0,3,2,0,4048,0.1951,0.956972,2,2,1,1,1,0
양천구_신월5동,양천구,신월5동,3043,22.03,4,4,3,2,1,1,0,0,2,1,0,3043,0.1467,0.801924,3,0,2,0,1,0
양천구_신월6동,양천구,신월6동,2396,17.41,1,1,1,1,3,3,1,0,0,3,0,2396,0.1155,0.83152,1,1,1,0,1,0
양천구_신월7동,양천구,신월7동,5102,28.25,3,1,0,0,1,1,1,1,3,0,5102,0,0.2451,0.737182,0,1,0,1,0,0
양천구_신정1동,양천구,신정1동,3247,16.61,5,5,3,3,2,1,0,0,2,2,0,3247,0.1565,0.938573,4,1,3,0,3,0
양천구_신정2동,양천구,신정2동,3202,17.27,7,5,3,1,2,1,0,0,6,2,0,3202,0.1544,0.945041,4,1,3,0,1,0
양천구_신정3동,양천구,신정3동,9506,19.91,1,1,1,0,3,2,1,0,1,3,9506,9506,0.915,0.845608,1,1,0,1,0,0
양천구_신정6동,양천구,신정6동,3598,15.06,4,4,4,2,2,1,1,1,2,1,0,0,0.0,0.958803,4,1,3,1,2,1
양천구_신정7동,양천구,신정7동,6132,22.0,2,1,1,1,3,2,1,1,1,2,0,0,0.0,0.835472,1,1,1,1,1,1
양천구_목5동,양천구,목5동,5820,14.31,6,4,3,1,2,2,2,1,5,1,0,0,0.0,0.976956,4,2,3,2,1,1
양천구_신정4동,양천구,신정4동,7186,22.61,7,7,3,2,1,0,0,0,5,1,0,7186,0.3464,0.92985,4,0,3,0,2,0
강서구_염창동,강서구,염창동,5614,13.6,4,3,2,1,3,3,2,1,3,2,0,0,0.0,0.888958,3,3,2,1,0,1
강서구_등촌1동,강서구,등촌1동,3625,14.43,6,6,5,2,4,3,2,2,4,2,0,0,0.0,0.957047,6,2,4,2,2,1
강서구_등촌2동,강서구,등촌2동,3963,20.71,8,6,6,4,4,3,1,0,4,4,0,3963,0.191,0.759909,6,1,4,0,1,0
강서구_등촌3동,강서구,등촌3동,8260,28.7,6,5,4,1,5,5,2,2,5,3,0,0,0.0,0.983557,5,5,4,2,1,2
강서구_화곡본동,강서구,화곡본동,6124,18.97,5,5,3,1,1,1,1,1,4,0,0,0,0.0,0.727886,3,1,1,1,1,1
강서구_화곡2동,강서구,화곡2동,3468,20.39,6,4,3,1,1,1,1,0,5,1,0,3468,0.1672,0.798157,3,1,1,0,0,0
강서구_화곡3동,강서구,화곡3동,5026,24.23,6,5,2,2,1,1,0,0,4,1,0,5026,0.2423,0.898047,4,0,2,0,2,0
강서구_화곡4동,강서구,화곡4동,4712,24.37,7,6,2,1,2,1,1,0,6,2,0,4712,0.2272,0.707054,1,1,1,0,0,0
강서구_화곡6동,강서구,화곡6동,4952,19.22,8,5,4,4,5,3,2,0,4,5,0,4952,0.2387,0.788046,4,2,3,0,2,0
강서구_화곡8동,강서구,화곡8동,5287,23.12,7,2,2,2,2,1,1,1,5,1,0,0,0.0,0.746116,2,1,2,0,1,0
강서구_가양1동,강서구,가양1동,4112,12.2,2,1,1,1,3,2,2,2,1,1,0,0,0.0,0.903209,1,2,1,2,1,1
강서구_가양2동,강서구,가양2동,4959,38.12,0,0,0,0,2,0,0,0,0,2,4959,4959,0.4773,0.916634,0,0,0,0,0,0
강서구_가양3동,강서구,가양3동,4159,30.87,4,3,1,0,3,3,3,2,4,1,4159,0,0.1998,0.965326,3,3,1,3,0,2
강서구_발산1동,강서구,발산1동,6088,17.35,1,1,1,1,0,0,0,0,0,0,0,6088,0.2935,0.886715,1,0,1,0,0,0
강서구_공항동,강서구,공항동,4885,16.69,3,3,1,0,0,0,0,0,3,0,4885,4885,0.4702,0.975662,2,0,1,0,0,0
강서구_방화1동,강서구,방화1동,8177,20.3,5,4,4,4,4,2,1,0,1,4,0,8177,0.3942,0.944345,4,2,4,1,4,0
강서구_방화2동,강서구,방화2동,5898,25.55,1,0,0,0,3,3,3,2,1,1,5898,0,0.2834,0.866628,0,3,0,3,0,2
강서구_방화3동,강서구,방화3동,6265,29.14,2,2,0,0,3,3,3,3,2,0,6265,0,0.301,0.820341,0,3,0,3,0,3
강서구_화곡1동,강서구,화곡1동,10348,20.4,5,5,2,2,2,2,1,0,3,2,0,10348,0.4988,0.874605,3,1,2,0,2,0
강서구_우장산동,강서구,우장산동,7398,16.84,5,5,4,2,2,2,0,0,3,2,0,7398,0.3566,0.786369,4,0,2,0,0,0
구로구_신도림동,구로구,신도림동,5754,15.94,3,3,2,0,1,1,0,0,3,1,5754,5754,0.5538,0.964265,3,1,0,0,0,0
구로구_구로1동,구로구,구로1동,3482,17.14,0,0,0,0,0,0,0,0,0,0,3482,3482,0.3351,0.946805,0,0,0,0,0,0
구로구_구로3동,구로구,구로3동,4183,17.06,1,0,0,0,0,0,0,0,1,0,4183,4183,0.4026,0.90518,0,0,0,0,0,0
구로구_구로4동,구로구,구로4동,5536,25.39,0,0,0,0,0,0,0,0,0,0,5536,5536,0.5328,0.922046,0,0,0,0,0,0
구로구_구로5동,구로구,구로5동,5980,19.08,3,2,0,0,0,0,0,0,3,0,5980,5980,0.5756,0.941054,0,0,0,0,0,0
구로구_고척1동,구로구,고척1동,5361,20.23,1,1,1,0,2,2,2,0,1,2,5361,5361,0.516,0.833708,1,2,0,2,0,0
구로구_고척2동,구로구,고척2동,6357,25.07,1,1,1,0,3,2,1,1,1,2,6357,0,0.3054,0.842167,1,1,0,1,0,1
구로구_개봉2동,구로구,개봉2동,7775,26.19,0,0,0,0,2,2,1,1,0,1,7775,0,0.3735,0.747741,0,1,0,1,0,0
구로구_개봉3동,구로구,개봉3동,5127,26.74,0,0,0,0,1,1,1,1,0,0,5127,0,0.2463,0.669887,0,1,0,1,0,1
구로구_오류1동,구로구,오류1동,4794,20.45,1,1,0,0,3,2,2,1,1,2,4794,0,0.2303,0.709167,0,2,0,1,0,1
구로구_항동,구로구,항동,2277,14.05,0,0,0,0,1,1,1,0,0,1,2277,2277,0.2192,0.716988,0,1,0,0,0,0
구로구_수궁동,구로구,수궁동,5573,25.05,1,1,1,1,1,1,0,0,0,1,0,5573,0.2687,0.797614,1,0,1,0,1,0
구로구_가리봉동,구로구,가리봉동,2459,19.64,3,2,0,0,0,0,0,0,3,0,2459,2459,0.2367,0.902874,0,0,0,0,0,0
구로구_구로2동,구로구,구로2동,6992,24.5,0,0,0,0,0,0,0,0,0,0,6992,6992,0.673,0.950148,0,0,0,0,0,0
구로구_개봉1동,구로구,개봉1동,7908,23.25,1,1,0,0,4,2,1,1,1,3,7908,0,0.3799,0.796363,0,1,0,1,0,1
금천구_가산동,금천구,가산동,3455,12.4,4,2,2,0,0,0,0,0,4,0,3455,3455,0.3325,0.958565,2,0,0,0,0,0
금천구_독산1동,금천구,독산1동,7493,15.11,7,7,5,2,1,1,0,0,5,1,0,7493,0.3612,0.933361,5,1,5,0,2,0
금천구_독산2동,금천구,독산2동,4406,23.82,8,7,6,5,4,3,2,1,3,3,0,0,0.0,0.820769,6,3,5,1,5,1
금천구_독산3동,금천구,독산3동,5998,23.04,4,4,2,2,3,3,3,2,2,1,0,0,0.0,0.821396,2,3,2,2,2,1
금천구_독산4동,금천구,독산4동,3624,23.42,6,5,4,4,3,3,3,2,2,1,0,0,0.0,0.729482,4,3,4,2,2,1
금천구_시흥1동,금천구,시흥1동,7562,22.94,9,7,4,3,2,1,1,1,6,1,0,0,0.0,0.912946,5,1,3,1,3,1
금천구_시흥2동,금천구,시흥2동,5040,25.16,4,3,2,1,1,1,0,0,3,1,0,5040,0.243,0.441795,1,0,0,0,0,0
금천구_시흥3동,금천구,시흥3동,2819,27.75,4,2,1,0,1,1,1,1,4,0,2819,0,0.1354,0.570083,0,1,0,1,0,0
금천구_시흥4동,금천구,시흥4동,5200,27.28,9,8,4,2,4,4,1,1,7,3,0,0,0.0,0.638087,2,1,0,0,0,0
금천구_시흥5동,금천구,시흥5동,5061,28.3,4,4,4,3,1,1,1,1,1,0,0,0,0.0,0.424139,2,0,1,0,1,0
영등포구_여의동,영등포구,여의동,7042,20.42,0,0,0,0,3,3,2,1,0,2,7042,0,0.3383,0.977098,0,3,0,2,0,1
영등포구_당산1동,영등포구,당산1동,3858,17.94,3,3,3,3,1,1,1,0,0,1,0,3858,0.186,0.989433,3,1,3,1,3,0
영등포구_당산2동,영등포구,당산2동,5431,14.78,1,0,0,0,2,2,0,0,1,2,5431,5431,0.5227,0.955082,0,2,0,0,0,0
영등포구_양평1동,영등포구,양평1동,2673,14.45,5,4,1,0,0,0,0,0,5,0,2673,2673,0.2573,0.960719,4,0,1,0,0,0
영등포구_양평2동,영등포구,양평2동,3159,13.87,1,1,1,0,2,1,1,1,1,1,3159,0,0.1518,0.919136,1,1,1,1,0,1
영등포구_신길1동,영등포구,신길1동,4120,20.32,3,1,1,1,4,4,4,1,2,3,0,0,0.0,0.89572,1,4,1,3,0,0
영등포구_신길3동,영등포구,신길3동,3803,22.37,4,3,3,1,2,2,1,0,3,2,0,3803,0.1833,0.931723,3,2,3,1,1,0
영등포구_신길4동,영등포구,신길4동,2846,22.82,4,1,1,1,4,3,1,1,3,3,0,0,0.0,0.864455,1,3,1,1,1,0
영등포구_신길5동,영등포구,신길5동,2444,23.11,5,3,1,1,2,1,0,0,4,2,0,2444,0.1178,0.916749,3,0,1,0,0,0
영등포구_신길6동,영등포구,신길6동,3822,20.69,3,3,2,1,3,1,1,1,2,2,0,0,0.0,0.91823,3,1,1,1,0,0
영등포구_신길7동,영등포구,신길7동,3078,15.71,3,3,2,1,4,3,1,1,2,3,0,0,0.0,0.8779,2,1,1,1,1,0
영등포구_대림1동,영등포구,대림1동,3833,24.28,1,1,0,0,1,1,0,0,1,1,3833,3833,0.3689,0.950557,1,1,0,0,0,0
영등포구_대림2동,영등포구,대림2동,3597,20.63,1,0,0,0,0,0,0,0,1,0,3597,3597,0.3462,0.937541,0,0,0,0,0,0
영등포구_대림3동,영등포구,대림3동,5675,23.27,3,3,0,0,0,0,0,0,3,0,5675,5675,0.5462,0.919393,1,0,0,0,0,0
영등포구_영등포본동,영등포구,영등포본동,4986,22.59,4,3,1,1,4,2,2,2,3,2,0,0,0.0,0.92543,3,2,1,2,1,2
영등포구_영등포동,영등포구,영등포동,3889,12.11,4,3,0,0,3,2,2,1,4,2,3889,0,0.1868,0.945696,3,2,0,2,0,1
영등포구_도림동,영등포구,도림동,3970,20.28,4,4,4,3,2,2,1,1,1,1,0,0,0.0,0.911762,4,2,3,1,3,0
영등포구_문래동,영등포구,문래동,5245,16.66,3,3,3,3,1,1,0,0,0,1,0,5245,0.2528,0.944134,3,0,3,0,3,0
동작구_노량진2동,동작구,노량진2동,1861,21.2,5,3,1,1,2,2,1,0,4,2,0,1861,0.0897,0.743349,1,1,1,0,1,0
동작구_상도1동,동작구,상도1동,8392,18.26,5,3,3,3,2,1,0,0,2,2,0,8392,0.4046,0.711041,3,0,2,0,0,0
동작구_상도2동,동작구,상도2동,4980,18.24,6,5,5,3,3,2,0,0,3,3,0,4980,0.2401,0.793015,5,0,3,0,1,0
동작구_상도3동,동작구,상도3동,5311,22.28,5,3,2,2,3,3,1,1,3,2,0,0,0.0,0.724183,2,1,2,1,1,0
동작구_상도4동,동작구,상도4동,6234,21.3,7,6,5,1,1,1,1,1,6,0,0,0,0.0,0.798612,5,1,1,1,0,1
동작구_사당1동,동작구,사당1동,4348,19.2,4,4,4,4,2,2,2,1,0,1,0,0,0.0,0.807078,4,2,4,1,2,0
동작구_사당3동,동작구,사당3동,5292,22.69,3,2,1,0,2,2,2,1,3,1,5292,0,0.2543,0.628708,0,1,0,1,0,1
동작구_사당4동,동작구,사당4동,3193,23.26,4,4,3,2,2,2,2,2,2,0,0,0,0.0,0.617239,2,2,2,0,1,0
동작구_사당5동,동작구,사당5동,2723,19.58,3,2,1,1,2,2,2,2,2,0,0,0,0.0,0.690137,1,2,1,1,1,1
동작구_대방동,동작구,대방동,6106,17.91,5,4,1,1,2,2,1,1,4,1,0,0,0.0,0.822308,1,1,1,1,1,1
동작구_신대방1동,동작구,신대방1동,4823,19.54,1,1,0,0,1,1,1,0,1,1,4823,4823,0.4642,0.83662,0,1,0,1,0,0
동작구_신대방2동,동작구,신대방2동,3898,17.44,3,2,2,1,2,1,1,1,2,1,0,0,0.0,0.884362,2,1,1,1,1,1
동작구_흑석동,동작구,흑석동,5707,17.75,3,3,1,0,2,1,0,0,3,2,5707,5707,0.5493,0.72743,0,0,0,0,0,0
동작구_노량진1동,동작구,노량진1동,6686,19.51,5,4,4,3,1,1,1,1,2,0,0,0,0.0,0.792999,4,1,3,1,2,1
동작구_사당2동,동작구,사당2동,6485,23.16,0,0,0,0,1,1,1,1,0,0,6485,0,0.3116,0.78308,0,1,0,1,0,1
관악구_보라매동,관악구,보라매동,5235,22.26,4,2,1,1,2,2,2,1,3,1,0,0,0.0,0.612172,1,1,0,1,0,0
관악구_청림동,관악구,청림동,3140,21.78,4,2,1,0,1,1,0,0,4,1,3140,3140,0.3022,0.666604,0,0,0,0,0,0
관악구_행운동,관악구,행운동,4934,16.93,4,4,4,1,2,2,0,0,3,2,0,4934,0.2379,0.755823,4,0,1,0,0,0
관악구_낙성대동,관악구,낙성대동,2228,12.22,0,0,0,0,0,0,0,0,0,0,2228,2228,0.2144,0.470601,0,0,0,0,0,0
관악구_중앙동,관악구,중앙동,2655,17.02,2,2,2,2,1,1,0,0,0,1,0,2655,0.128,0.861213,2,0,2,0,2,0
관악구_인헌동,관악구,인헌동,4644,18.29,5,3,1,1,1,0,0,0,4,1,0,4644,0.2239,0.427699,0,0,0,0,0,0
관악구_남현동,관악구,남현동,3362,19.25,1,0,0,0,0,0,0,0,1,0,3362,3362,0.3236,0.443498,0,0,0,0,0,0
관악구_서원동,관악구,서원동,3797,15.93,5,5,2,1,2,1,0,0,4,2,0,3797,0.183,0.705902,2,0,1,0,0,0
관악구_신원동,관악구,신원동,3704,20.4,4,4,2,1,3,0,0,0,3,3,0,3704,0.1786,0.63914,1,0,1,0,1,0
관악구_서림동,관악구,서림동,4199,16.72,5,4,2,2,1,1,1,1,3,0,0,0,0.0,0.660198,2,1,2,0,1,0
관악구_신사동,관악구,신사동,4206,17.31,2,2,0,0,2,1,0,0,2,2,4206,4206,0.4048,0.940289,1,1,0,0,0,0
관악구_신림동,관악구,신림동,2199,9.0,5,3,2,1,2,2,2,0,4,2,0,2199,0.106,0.950953,3,2,1,2,1,0
관악구_난향동,관악구,난향동,3281,22.53,6,3,1,1,3,3,1,0,5,3,0,3281,0.1582,0.548775,0,0,0,0,0,0
관악구_조원동,관악구,조원동,3640,16.99,2,2,0,0,4,1,0,0,2,4,3640,3640,0.3504,0.945669,2,1,0,0,0,0
관악구_대학동,관악구,대학동,3597,12.47,0,0,0,0,1,1,0,0,0,1,3597,3597,0.3462,0.529976,0,0,0,0,0,0
관악구_은천동,관악구,은천동,6771,21.18,6,3,1,1,1,1,1,0,5,1,0,6771,0.3264,0.632121,1,0,1,0,0,0
관악구_성현동,관악구,성현동,6369,21.31,4,2,1,1,1,1,1,0,3,1,0,6369,0.307,0.682292,1,0,1,0,1,0
관악구_청룡동,관악구,청룡동,5377,14.51,4,4,2,2,2,0,0,0,2,2,0,5377,0.2592,0.700889,2,0,2,0,1,0
관악구_난곡동,관악구,난곡동,6331,25.67,3,3,1,1,4,2,0,0,2,4,0,6331,0.3052,0.765414,1,0,1,0,1,0
관악구_삼성동,관악구,삼성동,6260,30.98,2,2,0,0,1,1,0,0,2,1,6260,6260,0.6025,0.484332,0,0,0,0,0,0
관악구_미성동,관악구,미성동,7010,24.06,4,4,1,1,3,3,3,2,3,1,0,0,0.0,0.779492,1,3,1,2,0,1
서초구_서초1동,서초구,서초1동,3556,17.59,6,4,2,2,0,0,0,0,4,0,0,3556,0.1714,0.792076,2,0,2,0,2,0
서초구_서초2동,서초구,서초2동,3393,13.51,6,5,5,1,1,1,0,0,5,1,0,3393,0.1636,0.813921,5,0,1,0,1,0
서초구_서초3동,서초구,서초3동,5693,17.54,5,5,4,2,0,0,0,0,3,0,0,5693,0.2744,0.707064,4,0,1,0,0,0
서초구_서초4동,서초구,서초4동,4803,15.88,4,3,3,2,0,0,0,0,2,0,0,4803,0.2315,0.893938,3,0,2,0,1,0
서초구_잠원동,서초구,잠원동,5132,14.64,1,1,0,0,0,0,0,0,1,0,5132,5132,0.494,0.936313,1,0,0,0,0,0
서초구_반포본동,서초구,반포본동,39,17.49,0,0,0,0,0,0,0,0,0,0,39,39,0.0038,0.963059,0,0,0,0,0,0
서초구_반포1동,서초구,반포1동,4505,13.34,2,2,0,0,0,0,0,0,2,0,4505,4505,0.4336,0.929339,2,0,0,0,0,0
서초구_반포2동,서초구,반포2동,3932,14.78,0,0,0,0,0,0,0,0,0,0,3932,3932,0.3785,0.946194,0,0,0,0,0,0
서초구_반포3동,서초구,반포3동,3601,15.19,0,0,0,0,0,0,0,0,0,0,3601,3601,0.3466,0.953059,0,0,0,0,0,0
서초구_반포4동,서초구,반포4동,3343,17.51,2,2,0,0,0,0,0,0,2,0,3343,3343,0.3218,0.794629,0,0,0,0,0,0
서초구_방배본동,서초구,방배본동,3571,17.7,3,2,1,0,2,2,0,0,3,2,3571,3571,0.3437,0.840115,2,0,0,0,0,0
서초구_방배1동,서초구,방배1동,3398,20.67,5,5,4,2,0,0,0,0,3,0,0,3398,0.1638,0.746651,3,0,2,0,2,0
서초구_방배2동,서초구,방배2동,3967,22.43,3,3,2,0,0,0,0,0,3,0,3967,3967,0.3818,0.67575,0,0,0,0,0,0
서초구_방배3동,서초구,방배3동,3312,21.14,6,4,3,3,1,1,0,0,3,1,0,3312,0.1597,0.618888,3,0,1,0,0,0
서초구_방배4동,서초구,방배4동,4167,17.25,5,4,3,2,1,1,0,0,3,1,0,4167,0.2009,0.753207,2,0,1,0,1,0
서초구_양재1동,서초구,양재1동,8478,20.71,0,0,0,0,2,2,2,1,0,1,8478,0,0.4073,0.714756,0,1,0,1,0,0
서초구_양재2동,서초구,양재2동,3608,17.19,1,0,0,0,0,0,0,0,1,0,3608,3608,0.3473,0.581025,0,0,0,0,0,0
서초구_내곡동,서초구,내곡동,3810,22.73,0,0,0,0,1,1,0,0,0,1,3810,3810,0.3667,0.777978,0,0,0,0,0,0
강남구_신사동,강남구,신사동,3233,21.14,5,3,0,0,1,1,0,0,5,1,3233,3233,0.3112,0.951222,2,1,0,0,0,0
강남구_논현1동,강남구,논현1동,3232,15.03,6,4,4,3,1,0,0,0,3,1,0,3232,0.1558,0.832934,4,0,3,0,3,0
강남구_논현2동,강남구,논현2동,3395,16.56,7,7,6,3,2,2,1,0,4,2,0,3395,0.1637,0.874003,6,1,4,1,2,0
강남구_삼성1동,강남구,삼성1동,2679,20.6,4,3,1,1,4,4,3,2,3,2,0,0,0.0,0.864441,1,3,1,2,1,1
강남구_삼성2동,강남구,삼성2동,4280,13.97,8,6,2,1,3,3,2,1,7,2,0,0,0.0,0.881036,4,3,1,1,1,1
강남구_대치1동,강남구,대치1동,2949,12.39,3,2,2,1,2,1,0,0,2,2,0,2949,0.1422,0.916637,2,1,1,0,0,0
강남구_대치4동,강남구,대치4동,2317,12.64,5,5,4,1,2,2,1,1,4,1,0,0,0.0,0.926532,5,2,3,1,1,1
강남구_역삼1동,강남구,역삼1동,4159,11.68,10,7,4,3,1,1,0,0,7,1,0,4159,0.2005,0.900455,5,1,3,0,2,0
강남구_역삼2동,강남구,역삼2동,4102,11.24,9,4,4,3,2,1,1,0,6,2,0,4102,0.1977,0.894043,4,1,4,0,3,0
강남구_도곡1동,강남구,도곡1동,3462,16.6,6,4,4,3,1,1,1,1,3,0,0,0,0.0,0.780427,4,1,3,1,3,1
강남구_도곡2동,강남구,도곡2동,5758,17.88,7,4,3,1,1,1,1,1,6,0,0,0,0.0,0.841254,4,1,1,1,0,1
강남구_개포1동,강남구,개포1동,4467,16.74,2,2,0,0,2,1,0,0,2,2,4467,4467,0.43,0.643724,0,0,0,0,0,0
강남구_개포4동,강남구,개포4동,4065,17.55,3,3,2,2,3,1,1,0,1,3,0,4065,0.196,0.493351,2,0,2,0,2,0
강남구_일원본동,강남구,일원본동,3931,17.52,1,1,1,1,2,2,2,1,0,1,0,0,0.0,0.593055,1,1,0,1,0,1
강남구_일원1동,강남구,일원1동,3786,26.62,0,0,0,0,0,0,0,0,0,0,3786,3786,0.3644,0.924262,0,0,0,0,0,0
강남구_개포3동,강남구,개포3동,3726,23.29,2,1,0,0,2,0,0,0,2,2,3726,3726,0.3586,0.911058,1,0,0,0,0,0
강남구_수서동,강남구,수서동,5435,39.93,2,1,1,1,2,1,1,0,1,2,0,5435,0.262,0.838568,1,1,1,0,1,0
강남구_세곡동,강남구,세곡동,8232,17.83,2,2,2,2,1,1,1,0,0,1,0,8232,0.3968,0.738342,2,1,2,0,0,0
강남구_압구정동,강남구,압구정동,5566,21.68,3,3,1,1,3,1,1,1,2,2,0,0,0.0,0.948176,3,1,1,1,1,1
강남구_청담동,강남구,청담동,4617,18.13,4,3,2,1,3,3,1,1,3,2,0,0,0.0,0.877581,2,2,1,1,0,1
강남구_대치2동,강남구,대치2동,6078,15.71,3,2,2,1,3,2,1,1,2,2,0,0,0.0,0.917011,2,2,2,1,1,1
강남구_개포2동,강남구,개포2동,6061,14.36,1,0,0,0,1,0,0,0,1,1,6061,6061,0.5834,0.655121,0,0,0,0,0,0
송파구_풍납1동,송파구,풍납1동,3069,27.42,1,0,0,0,1,1,0,0,1,1,3069,3069,0.2954,0.952205,0,1,0,0,0,0
송파구_풍납2동,송파구,풍납2동,4640,20.05,0,0,0,0,1,0,0,0,0,1,4640,4640,0.4466,0.957011,0,0,0,0,0,0
송파구_거여1동,송파구,거여1동,2934,24.82,1,1,1,0,4,4,2,1,1,3,2934,0,0.141,0.835712,1,2,1,1,0,1
송파구_거여2동,송파구,거여2동,5149,22.23,1,1,0,0,3,2,2,1,1,2,5149,0,0.2474,0.932626,1,2,0,1,0,1
송파구_마천1동,송파구,마천1동,4282,27.96,0,0,0,0,2,2,1,1,0,1,4282,0,0.2057,0.905088,0,2,0,1,0,1
송파구_마천2동,송파구,마천2동,5050,29.49,0,0,0,0,3,3,2,1,0,2,5050,0,0.2426,0.695091,0,1,0,1,0,1
송파구_방이1동,송파구,방이1동,2768,18.42,2,2,0,0,2,2,1,0,2,2,2768,2768,0.2664,0.908259,2,2,0,1,0,0
송파구_방이2동,송파구,방이2동,4268,15.86,2,2,2,2,2,2,0,0,0,2,0,4268,0.2057,0.960778,2,2,2,0,2,0
송파구_오륜동,송파구,오륜동,3520,20.05,0,0,0,0,2,1,1,1,0,1,3520,0,0.1691,0.936895,0,1,0,1,0,1
송파구_오금동,송파구,오금동,8047,21.47,1,0,0,0,2,2,2,2,1,0,8047,0,0.3866,0.890093,0,2,0,2,0,1
송파구_송파1동,송파구,송파1동,4098,17.69,3,3,2,2,1,1,0,0,1,1,0,4098,0.1976,0.937686,2,1,2,0,2,0
송파구_송파2동,송파구,송파2동,3559,18.3,3,2,2,2,2,1,0,0,1,2,0,3559,0.1716,0.927518,2,0,2,0,2,0
송파구_석촌동,송파구,석촌동,5423,17.67,3,3,3,3,1,1,1,1,0,0,0,0,0.0,0.979141,3,1,3,1,3,1
송파구_삼전동,송파구,삼전동,4780,16.6,3,3,1,1,2,1,1,1,2,1,0,0,0.0,0.952576,3,1,1,1,1,1
송파구_가락본동,송파구,가락본동,4721,19.01,3,3,0,0,3,3,1,0,3,3,4721,4721,0.4544,0.896802,3,2,0,0,0,0
송파구_가락1동,송파구,가락1동,4493,16.45,3,3,0,0,0,0,0,0,3,0,4493,4493,0.4325,0.967973,3,0,0,0,0,0
송파구_가락2동,송파구,가락2동,4850,16.86,1,1,1,1,3,3,3,2,0,1,0,0,0.0,0.914006,1,3,1,3,0,1
송파구_문정1동,송파구,문정1동,3810,19.25,2,2,2,1,3,2,1,1,1,2,0,0,0.0,0.848185,2,2,1,1,1,1
송파구_문정2동,송파구,문정2동,4707,16.3,3,3,2,2,2,2,2,1,1,1,0,0,0.0,0.95688,3,2,2,2,2,0
송파구_잠실본동,송파구,잠실본동,4515,16.22,2,2,1,0,2,2,1,1,2,1,4515,0,0.2169,0.960863,2,2,1,1,0,1
송파구_잠실4동,송파구,잠실4동,3403,16.05,2,2,0,0,2,1,0,0,2,2,3403,3403,0.3275,0.947079,0,1,0,0,0,0
송파구_잠실6동,송파구,잠실6동,3381,20.45,2,0,0,0,1,1,0,0,2,1,3381,3381,0.3254,0.958738,0,1,0,0,0,0
송파구_잠실7동,송파구,잠실7동,2445,26.18,2,2,0,0,2,2,1,1,2,1,2445,0,0.1175,0.908441,1,2,0,1,0,1
송파구_잠실2동,송파구,잠실2동,4300,12.38,1,1,0,0,1,1,1,1,1,0,4300,0,0.2066,0.959048,1,1,0,1,0,1
송파구_잠실3동,송파구,잠실3동,6755,20.0,3,1,0,0,2,2,1,1,3,1,6755,0,0.3245,0.950903,0,2,0,1,0,0
송파구_장지동,송파구,장지동,5786,18.75,2,2,2,2,2,2,1,1,0,1,0,0,0.0,0.890885,2,2,2,1,2,1
송파구_위례동,송파구,위례동,4498,9.97,2,1,1,0,2,1,0,0,2,2,4498,4498,0.4329,0.881665,1,1,0,0,0,0
강동구_상일제2동,강동구,상일제2동,2251,16.85,0,0,0,0,1,1,0,0,0,1,2251,2251,0.2167,0.921763,0,0,0,0,0,0
강동구_상일제1동,강동구,상일제1동,5973,15.26,1,0,0,0,2,2,1,0,1,2,5973,5973,0.5749,0.886894,0,1,0,1,0,0
강동구_명일1동,강동구,명일1동,4976,20.11,3,3,2,1,4,3,1,1,2,3,0,0,0.0,0.924672,3,3,2,1,1,1
강동구_명일2동,강동구,명일2동,3205,18.89,2,2,2,1,5,4,3,3,1,2,0,0,0.0,0.779481,2,3,1,3,1,1
강동구_고덕1동,강동구,고덕1동,3526,14.84,2,2,2,1,3,2,0,0,1,3,0,3526,0.17,0.820028,2,0,1,0,0,0
강동구_고덕2동,강동구,고덕2동,4001,15.12,2,1,0,0,2,2,1,0,2,2,4001,4001,0.3851,0.898113,0,1,0,1,0,0
강동구_암사2동,강동구,암사2동,2908,19.9,1,1,0,0,1,1,0,0,1,1,2908,2908,0.2799,0.946811,0,1,0,0,0,0
강동구_암사3동,강동구,암사3동,3242,19.22,2,1,1,0,1,0,0,0,2,1,3242,3242,0.312,0.838992,1,0,1,0,0,0
강동구_천호1동,강동구,천호1동,6420,25.35,3,2,1,1,3,3,2,0,2,3,0,6420,0.3095,0.923003,1,3,1,2,1,0
강동구_천호3동,강동구,천호3동,5594,20.77,1,1,1,1,3,2,1,1,0,2,0,0,0.0,0.871512,1,1,1,1,1,0
강동구_성내1동,강동구,성내1동,3732,19.56,0,0,0,0,2,1,1,0,0,2,3732,3732,0.3592,0.987189,0,1,0,1,0,0
강동구_성내2동,강동구,성내2동,5300,21.28,1,1,0,0,2,1,0,0,1,2,5300,5300,0.5101,0.952642,1,1,0,0,0,0
강동구_성내3동,강동구,성내3동,4710,21.49,0,0,0,0,1,1,1,0,0,1,4710,4710,0.4533,0.978853,0,1,0,0,0,0
강동구_둔촌1동,강동구,둔촌1동,4807,14.62,0,0,0,0,1,0,0,0,0,1,4807,4807,0.4627,0.883498,0,0,0,0,0,0
강동구_둔촌2동,강동구,둔촌2동,5260,20.76,0,0,0,0,3,3,1,0,0,3,5260,5260,0.5063,0.764903,0,1,0,0,0,0
강동구_암사1동,강동구,암사1동,7477,22.66,3,2,2,1,2,2,2,0,2,2,0,7477,0.3604,0.920592,2,2,1,2,1,0
강동구_천호2동,강동구,천호2동,7338,20.68,1,1,1,1,1,1,1,1,0,0,0,0,0.0,0.957151,1,1,1,1,1,1
강동구_길동,강동구,길동,10407,21.39,3,1,0,0,5,4,4,1,3,4,10407,0,0.5,0.876289,0,4,0,1,0,1
구로구_오류2동,구로구,오류2동,8564,23.47,1,0,0,0,3,3,1,0,1,3,8564,8564,0.8243,0.796313,0,1,0,0,0,0
강동구_강일동,강동구,강일동,7021,20.32,1,1,1,1,1,1,1,0,0,1,0,7021,0.3385,0.923891,1,1,1,1,1,0
